psgc_code,name,corr_code,geo_level,city_class,inc_class,urb_rur,pop_2015,pop_2020,status,adm2_pcode,adm2_en,adm2_alt,adm1_pcode,adm0_pcode,shape_len,shape_area,shape_sqkm,poverty_wide_poverty_2018,poverty_wide_poverty_2021,poverty_wide_poverty_2023,final_merged_wide_exposure_2012_06,final_merged_wide_exposure_2012_08,final_merged_wide_exposure_2012_10,final_merged_wide_exposure_2012_12,final_merged_wide_exposure_2013_01,final_merged_wide_exposure_2013_06,final_merged_wide_exposure_2013_07,final_merged_wide_exposure_2013_08,final_merged_wide_exposure_2013_09,final_merged_wide_exposure_2013_10,final_merged_wide_exposure_2013_11,final_merged_wide_exposure_2014_01,final_merged_wide_exposure_2014_02,final_merged_wide_exposure_2014_07,final_merged_wide_exposure_2014_09,final_merged_wide_exposure_2014_12,final_merged_wide_exposure_2015_01,final_merged_wide_exposure_2015_04,final_merged_wide_exposure_2015_05,final_merged_wide_exposure_2015_07,final_merged_wide_exposure_2015_08,final_merged_wide_exposure_2015_10,final_merged_wide_exposure_2015_12,final_merged_wide_exposure_2016_07,final_merged_wide_exposure_2016_09,final_merged_wide_exposure_2016_10,final_merged_wide_exposure_2016_11,final_merged_wide_exposure_2016_12,final_merged_wide_exposure_2017_08,final_merged_wide_exposure_2017_09,final_merged_wide_exposure_2017_10,final_merged_wide_exposure_2017_11,final_merged_wide_exposure_2017_12,final_merged_wide_exposure_2018_01,final_merged_wide_exposure_2018_02,final_merged_wide_exposure_2018_09,final_merged_wide_exposure_2018_10,final_merged_wide_exposure_2018_11,final_merged_wide_exposure_2019_07,final_merged_wide_exposure_2019_08,final_merged_wide_exposure_2019_11,final_merged_wide_exposure_2019_12,final_merged_wide_exposure_2020_05,final_merged_wide_exposure_2020_10,final_merged_wide_exposure_2020_11,final_merged_wide_exposure_2021_06,final_merged_wide_exposure_2021_09,final_merged_wide_exposure_2021_10,final_merged_wide_exposure_2021_12,final_merged_wide_exposure_2022_04,final_merged_wide_exposure_2022_08,final_merged_wide_exposure_2022_09,final_merged_wide_exposure_2022_10,final_merged_wide_exposure_2023_07,final_merged_wide_exposure_2023_08,final_merged_wide_exposure_2023_12,final_merged_wide_exposure_2024_05,final_merged_wide_exposure_2024_09,final_merged_wide_exposure_2024_10,final_merged_wide_exposure_2024_11,final_merged_wide_mean_lights_2012_06,final_merged_wide_mean_lights_2012_08,final_merged_wide_mean_lights_2012_10,final_merged_wide_mean_lights_2012_12,final_merged_wide_mean_lights_2013_01,final_merged_wide_mean_lights_2013_06,final_merged_wide_mean_lights_2013_07,final_merged_wide_mean_lights_2013_08,final_merged_wide_mean_lights_2013_09,final_merged_wide_mean_lights_2013_10,final_merged_wide_mean_lights_2013_11,final_merged_wide_mean_lights_2014_01,final_merged_wide_mean_lights_2014_02,final_merged_wide_mean_lights_2014_07,final_merged_wide_mean_lights_2014_09,final_merged_wide_mean_lights_2014_12,final_merged_wide_mean_lights_2015_01,final_merged_wide_mean_lights_2015_04,final_merged_wide_mean_lights_2015_05,final_merged_wide_mean_lights_2015_07,final_merged_wide_mean_lights_2015_08,final_merged_wide_mean_lights_2015_10,final_merged_wide_mean_lights_2015_12,final_merged_wide_mean_lights_2016_07,final_merged_wide_mean_lights_2016_09,final_merged_wide_mean_lights_2016_10,final_merged_wide_mean_lights_2016_11,final_merged_wide_mean_lights_2016_12,final_merged_wide_mean_lights_2017_08,final_merged_wide_mean_lights_2017_09,final_merged_wide_mean_lights_2017_10,final_merged_wide_mean_lights_2017_11,final_merged_wide_mean_lights_2017_12,final_merged_wide_mean_lights_2018_01,final_merged_wide_mean_lights_2018_02,final_merged_wide_mean_lights_2018_09,final_merged_wide_mean_lights_2018_10,final_merged_wide_mean_lights_2018_11,final_merged_wide_mean_lights_2019_07,final_merged_wide_mean_lights_2019_08,final_merged_wide_mean_lights_2019_11,final_merged_wide_mean_lights_2019_12,final_merged_wide_mean_lights_2020_05,final_merged_wide_mean_lights_2020_10,final_merged_wide_mean_lights_2020_11,final_merged_wide_mean_lights_2021_06,final_merged_wide_mean_lights_2021_09,final_merged_wide_mean_lights_2021_10,final_merged_wide_mean_lights_2021_12,final_merged_wide_mean_lights_2022_04,final_merged_wide_mean_lights_2022_08,final_merged_wide_mean_lights_2022_09,final_merged_wide_mean_lights_2022_10,final_merged_wide_mean_lights_2023_07,final_merged_wide_mean_lights_2023_08,final_merged_wide_mean_lights_2023_12,final_merged_wide_mean_lights_2024_05,final_merged_wide_mean_lights_2024_09,final_merged_wide_mean_lights_2024_10,final_merged_wide_mean_lights_2024_11
"102800000",Ilocos Norte,12800000.000000000000000,Prov,,,1st,,,,PH01028,Ilocos Norte,,PH01,PH,2.850087463560000,0.279709346377000,3274.885080999999900,3,2,0,0,0.0364,0,0,0,0,0.00084,0,0,0.28857,0,0,0,0,0.26737,0,0,0,0,0.02064,0,0.16562,0,0.19757,0,0.57348,0,0,0.01032,0,0.00428,0,0,0,0,0.54369,0,0,0,0,0,0,0.00112,0,0,0,0,0.13674,0,0,0.08124,0,0.08903,0,0,0,0,0.01068,0.06093,0.66651,0.047216171,0.078909065,0.138511864,0.036034061,0.067541852,0.185832076,-0.012958348,0.119236164,0.160966341,0.231247969,0.129848847,0.124324089,0.12239977,0.09414129,0.173948683,0.121917956,0.228023574,0.33360187,0.149418077,0.102484812,0.122629401,0.081474937,0.063687849,0.055481413,0.091046185,0.164555618,0.058822299,0.021593078,0.27117391,0.404318142,0.410232731,0.287340608,0.230984362,0.267380687,0.310907643,0.299668379,0.334594644,0.275544588,0.225956908,0.250440524,0.224829717,0.210481738,0.388188939,0.334082774,0.345030709,0.43691512,0.442068057,0.436704281,0.419038196,0.599421874,0.390792086,0.428170001,0.454840057,0.44310939,0.56851546,0.48964515,0.662847043,0.562618703,0.582691829,0.498253691
"102900000",Ilocos Sur,12899999.999999998137355,Prov,,,1st,,,,PH01029,Ilocos Sur,,PH01,PH,4.152632367040000,0.209467240433000,2465.276034500000151,6,12,5,0,0.01715,0,0,0,0,0,0.31393,0,0,0,0,0,0,0.23701,0,0,0,0,0.02064,0,0.62183,0,0,0,0,0,0,0.01735,0,0.00428,0,0,0,0,0.22828,0.22745,0,0,0,0,0,0.00484,0.00084,0,0,0,0.06211,0,0,0.06093,0,0,0,0,0,0,0.01068,0.16248,0.73087,0.043137341,0.04584434,0.150676011,0.011315655,0.066020547,0.184753136,0.05060081,0.076580476,0.138395314,0.222174843,0.141345051,0.12911545,0.123550941,0.118821922,0.171471089,0.116790462,0.178287181,0.34267281,0.204513818,0.161369664,0.153709988,0.122425255,0.116616674,0.083807702,0.120699368,0.193383621,0.102303268,0.069466414,0.3546679,0.398963492,0.401469024,0.352887276,0.291004359,0.287621471,0.363596462,0.325296324,0.392378759,0.351223252,0.293501879,0.31352564,0.305646255,0.301044772,0.476923553,0.363096644,0.414039991,0.484542199,0.542435074,0.495117665,0.467484581,0.617322768,0.470978463,0.536718959,0.496449415,0.488537179,0.606624455,0.566045027,0.714038023,0.570558066,0.621278084,0.584414542
"103300000",La Union,13299999.999999998137355,Prov,,,1st,,,,PH01033,La Union,,PH01,PH,2.403317136720000,0.119607381331000,1412.570889509999915,3,7,6,0,0,0,0,0,0,0,0.42635,0,0,0,0,0,0,0,0,0,0,0,0,0,0.58599,0,0,0,0.31393,0,0,0.01391,0,0.004,0,0,0,0,0,0.22745,0,0,0,0,0,0.00428,0.00112,0,0,0,0,0,0,0,0,0.02593,0,0,0,0,0,0.14217,0.71056,0.110138973,0.001646856,0.243040211,0.158722857,0.145586108,0.300913574,0.159497034,0.097392598,0.225782054,0.29755715,0.276933941,0.241800864,0.241866458,0.190257717,0.314210686,0.268392792,0.268127243,0.447568394,0.309266534,0.313842765,0.185649253,0.214854347,0.252536609,0.177365346,0.220413909,0.306615362,0.237235143,0.234303026,0.501402565,0.50479828,0.508677623,0.515295579,0.411171107,0.438174037,0.490983378,0.494322196,0.520722312,0.512243646,0.45289087,0.366452333,0.487455257,0.5151759,0.634724504,0.488334459,0.573395369,0.673487753,0.684841194,0.670517324,0.703341852,0.785685928,0.522947252,0.658802703,0.64671433,0.625171353,0.796924827,0.770569445,0.929130603,0.418928334,0.761848717,0.760891653
"105500000",Pangasinan,15500000.000000001862645,Prov,,,1st,,,,PH01055,Pangasinan,,PH01,PH,7.246191955450000,0.435199185478000,5154.618823169999814,9,14,11,0,0,0,0,0,0,0,0.12394,0,0.15802,0,0,0,0,0,0,0,0,0,0,0,0.67979,0,0,0,0.58402,0,0,0.01391,0,0,0,0,0,0,0,0.16527,0,0,0,0,0,0.01412,0.0014,0.14116,0.00576,0.04048,0,0,0,0,0.27915,0.05636,0,0,0,0,0,0.16248,0.09725,0.097953905,0.01950057,0.252793259,0.181963494,0.153749361,0.268373456,0.146752226,0.108271433,0.186747777,0.272476493,0.261813103,0.290500319,0.318901672,0.18207114,0.333598371,0.272616809,0.289166223,0.513796389,0.338235206,0.230737014,0.370252464,0.258257267,0.293049199,0.247326914,0.269593447,0.380280335,0.307432372,0.313114914,0.462341754,0.521935665,0.565785468,0.53977997,0.45296346,0.524710577,0.563195575,0.546260253,0.569479408,0.595511425,0.529270132,0.262746569,0.54238428,0.54725071,0.663825643,0.485268204,0.599472843,0.739054241,0.390033415,0.64695771,0.786577142,0.865996104,0.573381105,0.611810055,0.723583721,0.631529739,0.888273199,0.837556704,0.989051819,0.11646938,0.801980496,0.87068417
"200900000",Batanes,20900000.000000000000000,Prov,,,5th,,,,PH02009,Batanes,,PH02,PH,2.140564242810000,0.017443227846800,201.374821147999995,6,9,7,0.01032,0,0,0,0,0,0,0.05643,1.02393,0,0,0,0,0,0,0,0,0,1.00377,0,0,0,0,0,0.98008,0.00056,0,0,0.01208,0.00028,0,0,0,0,0,0,0,0,0,0.06093,0,0,0,0,0.10155,0,1.39456,0,0,0,0,0,0,0,0,0,0,0.76846,0,0,0.004707929,0.068518174,0.091982967,-0.120934548,-0.033379469,0.072326162,-0.034427783,0.075074109,0.083946307,0.149222657,0.047361141,-0.028945295,0.024328243,0.044152624,0.087308662,-0.030171414,0.009083751,0.208281703,0.032474181,0.009326852,0.003040767,0.000301,-0.020275992,-0.02279419,0.002111238,0.081180146,-0.007663939,-0.126842359,0.166034088,0.286877075,0.342604942,0.199861252,0.101424154,0.168595184,0.247403213,0.195654376,0.235335576,0.194386259,0.138955065,0.180373872,0.136906231,0.056599817,0.296382694,0.345718939,0.237240136,0.334415043,0.298945798,0.320157953,0.250316038,0.485900459,0.275134002,0.354756211,0.374667722,0.338716288,0.399942255,0.281215319,0.419142023,0.457248645,0.374462673,0.322474748
"201500000",Cagayan,21500000.000000000000000,Prov,,,1st,,,,PH02015,Cagayan,,PH02,PH,10.518335278300000,0.750946379433000,8797.495853469999929,13,7,6,0.01208,0.04672,0,0,0,0,0.00084,0,0,0.41364,0,0,0,0,0.36005,0,0,0.00028,1.83573,0.04771,0.48607,0.04511,0,0.25189,0,0.81434,0,0,0.01032,0.00028,0.0014,0,0,0,0,1.14857,0,0,0,0,0.29869,0,0,0,0,0,0.47244,0.14335,0,0,0.12186,0,0.10259,1.84713,0.29686,0,0,0.1796,0.10155,2.24003,0.005811742,0.011835711,0.088905617,-0.095649478,-0.038610754,0.106681563,0.034875644,0.050791996,0.116466947,0.155225559,0.066374214,0.009384301,0.026466932,0.046972418,0.128793682,0.010289362,0.049638398,0.254660106,0.087190969,0.03238738,0.073607854,0.015849548,-0.009698506,-0.003862013,0.04411029,0.089657236,-0.027612713,-0.094501761,0.235627957,0.331667677,0.380457298,0.235066949,0.146024007,0.165702069,0.225327401,0.234055983,0.290601085,0.211054204,0.190523595,0.228650441,0.185624776,0.115361764,0.34347013,0.271247039,0.257961507,0.365933673,0.353824285,0.371573532,0.285732452,0.50848354,0.31172401,0.417095953,0.403825423,0.385244257,0.472140238,0.349305857,0.516949846,0.527706975,0.496703655,0.400894977
"203100000",Isabela,23100000.000000000000000,Prov,,,1st,,,,PH02031,Isabela,,PH02,PH,5.588934449230000,0.890507201107000,10494.927583400000003,13,16,8,0,0.0172,0,0,0,0,0,0.46008,0,0,0,0,0,0,0.25633,0,0,0.00548,0,0.05439,0,0.0052,0,0.17257,0,0.5855,0,0,0.03106,0,0.00112,0,0,0,0,0,0.43858,0,0.00056,0,0.01012,0,0.004,0.00112,0,0,0,0,0,0,0.10155,0,0,0,0,0,0,0.04287,0.16248,0.788,0.013636514,0.005994386,0.111361312,-0.082304587,-0.010294352,0.112813225,0.060267192,0.072571888,0.120236873,0.1613589,0.083456018,0.040820794,0.058416257,0.067505703,0.150459215,0.024076855,0.084756898,0.256287163,0.130718885,0.125963656,0.095875432,0.057346186,0.031306514,0.036307721,0.08111287,0.142995067,-0.008145392,-0.04456552,0.259006696,0.349828436,0.368948993,0.247015417,0.15801777,0.157776443,0.246192032,0.291734532,0.316113833,0.234235597,0.250939527,0.224564961,0.210849059,0.160815503,0.379082345,0.261727192,0.280951894,0.392454072,0.378345683,0.385140064,0.313689813,0.521482948,0.359806359,0.435711248,0.385514762,0.399392665,0.489717209,0.361873239,0.51447092,0.554251493,0.473531358,0.422626591
"205000000",Nueva Vizcaya,24999999.999999996274710,Prov,,,2nd,,,,PH02050,Nueva Vizcaya,,PH02,PH,3.712481221430000,0.348874355340000,4125.921514390000084,12,11,7,0,0,0,0,0,0,0,0.58402,0,0.18226,0,0,0,0,0,0,0,0.00028,0,0,0,1.44269,0,0,0,0.46008,0,0,0.03106,0,0,0,0,0,0,0,0.31738,0,0,0,0,0,0.02993,0.00112,0.06324,0,0,0,0,0,0,0,0,0,0,0,0,0.03071,0.08124,0.97988,-0.008827386,-0.01335127,0.089723789,-0.099319805,-0.008957605,0.103067976,-0.029129089,0.013147089,0.076629141,0.132026963,0.048746978,0.04861752,0.053674029,0.019090755,0.124696975,-0.000357,0.051528754,0.259512352,0.096731852,0.074511705,0.118376303,0.042555975,-0.012467226,0.015902856,0.044410947,0.100170008,-0.002203477,-0.06226786,0.230155774,0.291605815,0.316209282,0.219626246,0.126045559,0.136117991,0.21508533,0.228141443,0.257104816,0.201668529,0.190074156,0.165018017,0.159089395,0.118991532,0.307994643,0.230364765,0.230784124,0.331657098,0.197147225,0.319115578,0.264691874,0.443616554,0.30390438,0.338456253,0.36102981,0.296942711,0.4193537,0.29260206,0.486474632,0.181598379,0.421776795,0.332439511
"205700000",Quirino,25700000.000000000000000,Prov,,,3rd,,,,PH02057,Quirino,,PH02,PH,2.976780809510000,0.234040521164000,2768.009782860000087,9,6,7,0,0,0,0,0,0,0,0.46008,0,0.18226,0,0,0,0,0,0,0,0.00548,0,0.03036,0,1.1679,0,0,0,0.27009,0,0,0.02762,0,0,0,0,0,0,0,0.43858,0,0,0,0,0,0.01384,0.00112,0,0,0,0,0,0,0.02031,0,0,0,0,0,0,0.04083,0.12186,0.85798,0.000204,-0.000615,0.096712832,-0.105934414,-0.010755528,0.079834999,0.020185128,-0.002256245,0.0769952,0.141189435,0.0518266,0.012051747,0.026471166,0.013430949,0.117929093,0.009117547,0.044167786,0.217673183,0.080054087,0.065096459,0.102389894,0.049142574,-0.024619436,-0.00011,0.061897371,0.086274064,-0.017122461,-0.085472655,0.219478832,0.259405715,0.329050265,0.189806727,0.092307095,0.108028142,0.180274285,0.211852882,0.244475943,0.155553041,0.172510613,0.13802498,0.155995929,0.09451217,0.27640861,0.187472252,0.198918313,0.276407195,0.224588746,0.303350816,0.232569955,0.401683284,0.288757516,0.316663948,0.301228084,0.261734801,0.355112987,0.245599302,0.383193701,0.383933106,0.393615716,0.311739599
"300800000",Bataan,30800000.000000000000000,Prov,,,1st,,,,PH03008,Bataan,,PH03,PH,2.661168335530000,0.104455461105000,1244.953649799999994,66,43,34,0,0,0,0,0,0.00112,0,0,0,0,0,0,0,0.32454,0,0.02291,0,0,0,0,0,0,0.09359,0,0,0,0,0,0,0,0,0,0,0,0,0,0,0,0,0,0,0,0.02937,0,0.23538,0.00112,0.06072,0,0,0,0,0.15521,0.06655,0,0,0,0.03612,0,0,0,0.409813763,0.393007006,0.743548089,0.734426308,0.719873623,0.694261064,0.071917179,0.051238631,0.63889334,0.759786476,0.838160476,0.916714869,0.882895265,0.477427915,0.850730423,4.596215714,2.119209938,1.384173275,1.042356755,0.289534547,1.035557189,0.84825085,1.141358023,0.494863779,0.964944424,1.120094034,1.144026568,0.876466021,1.202294517,1.03155373,1.065047438,1.178429682,0.982944771,1.222930067,1.277304981,1.416939043,1.198460453,1.338759747,1.166075694,0,1.178689588,1.828541357,1.321451832,0.766471221,1.206372343,1.31961667,1.27037367,1.412030735,1.423765478,1.765554551,0.814280807,0.528237201,1.321918627,0,1.548789174,1.613438793,1.891766082,1.150847778,1.441103569,1.832019419
"301400000",Bulacan,31399999.999999996274710,Prov,,,1st,,,,PH03014,Bulacan,,PH03,PH,3.276275658810000,0.227702002580000,2709.982751640000060,4,8,6,0,0,0,0,0,0.00112,0,0,0,0.18226,0,0,0,0,0,0.02059,0,0,0,0,0,0.00892,0.04391,0,0,0,0,0,0,0,0,0,0,0,0,0,0,0,0,0,0,0,0.04996,0.00056,0.31351,0.00084,0.0506,0,0,0,0,0.57348,0.07674,0,0,0,0.14945,0,0,0,0.485059108,0.091724578,0.713789596,0.687156049,0.696818421,0.578056225,0.020671089,0.033367088,0.502027583,0.684648426,0.735807449,0.765748289,0.870794452,0.629674198,0.857253748,0.797077406,0.919849356,1.15242017,1.035834981,0.635353696,0.877034125,0.876510591,0.84746103,0.73437263,0.601730436,0.914994785,0.897569204,0.860606944,0.975075956,1.109435508,1.113973842,1.178122015,1.176844784,1.140483282,1.179940346,1.222453519,1.289342884,1.311750718,1.133604938,0,1.25087466,1.310640541,1.406880615,0.531370999,1.281735275,1.608600733,1.906075221,1.380452212,1.615821318,1.982022363,1.435910004,1.139583421,1.617829233,0.378173773,1.938770754,2.101818488,2.446255613,1.949616891,1.762714183,2.216382669
"304900000",Nueva Ecija,34900000.000000000000000,Prov,,,1st,,,,PH03049,Nueva Ecija,,PH03,PH,3.827859266060000,0.463906501170000,5504.672573359999660,7,10,7,0,0,0,0,0,0,0,0,0,0.25421,0,0,0,0,0,0,0,0,0,0,0,0.97987,0,0,0,0.46008,0,0,0.02059,0,0,0,0,0,0,0,0.09725,0,0,0,0,0,0.05024,0.00112,0.27185,0.00056,0.03036,0,0,0,0,0.57348,0.06655,0,0,0,0.08523,0,0.04062,0.6656,0.066019922,0.08821231,0.162803833,0.009891085,0.075274035,0.223455034,0.0309856,0.013832469,0.14894795,0.150279404,0.139434675,0.169567461,0.186098282,0.149486182,0.222797174,0.142734716,0.208022662,0.430565719,0.224034454,0.116900428,0.246217628,0.164845185,0.15708731,0.126455453,0.139418439,0.228075592,0.156468854,0.13573736,0.409373496,0.4595541,0.433404604,0.407285842,0.342323104,0.319759899,0.401290732,0.430471857,0.425786533,0.404554607,0.396460196,0.030284614,0.362179874,0.350613703,0.514113756,0.303142564,0.451487387,0.590258051,0.28141879,0.49999584,0.551027134,0.74841074,0.485802992,0.470880519,0.566517471,0.459598131,0.706616649,0.649602424,0.940172791,0.221994526,0.677973058,0.729033171
"305400000",Pampanga,35400000.000000000000000,Prov,,,1st,,,,PH03054,Pampanga,,PH03,PH,2.673655386590000,0.177710130743000,2114.238260260000061,2,3,1,0,0,0,0,0,0.00084,0,0,0,0.15802,0,0,0,0.09619,0,0,0,0,0,0,0,0.00864,0.06422,0,0,0,0,0,0,0,0,0,0,0,0,0,0,0,0,0,0,0,0.02965,0.00056,0.3478,0.00084,0.0506,0,0,0,0,0.3452,0.06655,0,0,0,0,0,0,0,1.128721236,0.264091148,1.48895492,1.579607943,1.445780385,0.531105439,0.791634698,0.263355979,0.935970902,1.291611819,1.510031947,1.685544562,1.551028787,1.227827253,1.501644663,1.852190364,1.707797875,1.886462799,1.754071364,1.445922382,1.641691417,1.452552311,1.755344872,1.351523431,1.49086369,1.685117498,1.691191505,1.868511496,1.912653572,1.823325523,1.800287819,1.784486996,2.115625522,2.186734474,2.061071077,1.885295077,2.036946698,2.109274667,1.983209547,0.011956198,2.356082807,2.276992405,2.083058873,1.330316476,2.122612807,2.41889039,2.578991906,1.992258325,2.825915242,3.112621277,2.22047198,2.055218006,2.726318475,0.025394614,3.347480502,3.483324938,3.659405663,2.906462464,2.945978839,3.870012003
"306900000",Tarlac,36900000.000000000000000,Prov,,,1st,,,,PH03069,Tarlac,,PH03,PH,2.521633136000000,0.250266569922000,2971.645800960000088,8,8,7,0,0,0,0,0,0.00056,0,0,0,0.22997,0,0,0,0,0,0,0,0,0,0,0,0.01208,0,0,0,0.46008,0,0,0,0,0,0,0,0,0,0,0.09725,0,0,0,0,0,0.02965,0.00112,0.20728,0.00232,0.04048,0,0,0,0,0.46914,0.06655,0,0,0,0,0,0,0,0.205344129,0.052984721,0.36121332,0.22220773,0.26950646,0.374838834,0.249664022,0.106981914,0.258676809,0.363035055,0.400834291,0.473970135,0.469002326,0.325520048,0.484335112,0.412889733,0.455999393,0.706235437,0.468239962,0.259272793,0.465873517,0.390713239,0.372369568,0.366677631,0.379736067,0.501587365,0.415258029,0.450847558,0.607485954,0.677371313,0.684638742,0.658340907,0.58872005,0.666828806,0.698760561,0.638347943,0.655551189,0.666072212,0.641365135,0.005713761,0.609596647,0.653375261,0.777100673,0.596729955,0.677297105,0.838132546,0.543499553,0.73593097,0.876994871,1.085868109,0.705834911,0.799115665,0.874173966,0.659735114,1.011954614,0.942057806,1.138681528,0.581412616,0.944196684,1.074691384
"307100000",Zambales,37100000.000000000000000,Prov,,,2nd,,,,PH03071,Zambales,,PH03,PH,5.329770260420000,0.313705492748000,3728.222913619999872,11,18,12,0,0,0,0,0,0.0026,0,0,0,0.22997,0,0,0,0.18226,0,0,0,0,0,0,0,0.01735,0.09015,0,0,0.12394,0,0,0,0.00028,0,0.00028,0,0,0,0,0.09725,0,0,0,0,0,0.02965,0.00112,0.25147,0.0026,0.06072,0,0,0,0,0.27915,0.07667,0,0,0,0,0,0,0,0.075036884,0.057125981,0.188782575,0.117868492,0.317494601,0.17707767,-0.013508456,0.033004919,0.125184708,0.23394,0.153932874,0.291790882,0.199017986,0.110895455,0.231883696,0.161639081,0.217852034,0.386545739,0.215213152,0.087300901,0.210970071,0.166104098,0.176026726,0.130416601,0.185557308,0.187910281,0.152294501,0.144913659,0.341590284,0.396042029,0.421528606,0.409592546,0.2888591,0.361359755,0.45938825,0.364394382,0.37975293,0.358117785,0.302804664,0.005571001,0.292432656,0.268551643,0.448074625,0.260101813,0.366907103,0.46886421,0.407095477,0.401226354,0.609130084,0.607018667,0.310390979,0.252923507,0.498416472,0.081569775,0.539782102,0.518867373,0.78908528,0.35736108,0.572306982,0.600708626
"307700000",Aurora,37700000.000000000000000,Prov,,,3rd,,,,PH03077,Aurora,,PH03,PH,6.755660237320000,0.255766526306000,3030.439569199999823,12,17,11,0,0,0,0,0,0,0,0.5855,0,0.18226,0,0,0,0,0,0,0.00028,0.00548,0,0.03036,0,1.11956,0,0,0,0.49837,0,0,0.03106,0,0,0,0,0,0,0,0.27915,0,0,0,0,0,0.04996,0.00112,0.28197,0,0,0,0,0,0.06093,0.41827,0.07674,0,0,0,0.13364,0.04083,0.12186,0.88644,-0.013738432,0.027268984,0.050282251,-0.123892843,-0.055376043,0.079548192,-0.0134364,0.005247344,0.057175133,0.069316409,0.030791567,-0.014743379,-0.00145131,-0.010344759,0.08390384,-0.026933544,0.024347375,0.211920558,0.058611188,0.021460437,0.051848528,0.005793168,-0.02543977,-0.019554409,-0.008461818,0.044856888,-0.051037283,-0.105921885,0.187418094,0.276309997,0.234669589,0.17980862,0.086512875,0.086035035,0.166782646,0.200170057,0.201145281,0.157645267,0.157049143,0.095744737,0.128357976,0.077761637,0.269480972,0.162453727,0.180797163,0.304816436,0.17958646,0.2781638,0.203888425,0.396817561,0.237910059,0.280759206,0.265581718,0.237821261,0.329072934,0.253204951,0.353550296,0.23243205,0.341718151,0.294050274
"401000000",Batangas,41000000.000000000000000,Prov,,,1st,,,,PH04010,Batangas,,PH04,PH,5.989473345600000,0.267317304905000,3196.539557579999837,7,3,3,0,0,0.01032,0,0,0.0014,0,0,0,0,0,0,0,0.42846,0,0.17236,0,0,0,0,0,0,1.11063,0,0,0,0,0.52226,0,0,0,0,0,0,0,0,0,0,0,0,0,0.22013,0.09015,0.19238,0.09316,0.00168,0.08096,0,0,0,0,0,0.11736,0,0,0,0.11207,0,0,0,0.3813248,0.626747444,0.711616519,0.705190616,0.674892383,0.845703463,0.196233724,0.114149729,0.528405559,0.715899047,0.697499628,0.847117917,0.893356275,0.763093015,1.034475827,0.904880488,0.864493193,1.190547273,1.097759687,0.77092479,0.984413432,0.887285903,0.908510717,0.679126476,0.954455181,0.887530945,0.806022597,0.76859569,0.920279008,1.111035912,1.116729695,1.087394134,0.910237794,1.032370982,1.154643615,1.353824681,1.230075147,1.199685282,1.158127948,0,1.175828478,1.25342755,1.405395282,0.682358699,1.295723015,1.626814094,0.960630695,1.376118181,1.535872303,1.680724168,1.262794783,1.514029284,1.458022371,0.264900387,1.701681852,1.834784355,3.806463853,0.679380351,1.750955758,2.137744321
"402100000",Cavite,42100000.000000000000000,Prov,,,1st,,,,PH04021,Cavite,,PH04,PH,2.702044464000000,0.104288756851000,1245.180226570000059,4,7,4,0,0,0,0,0,0.00112,0,0,0,0,0,0,0,0.42846,0,0.07723,0,0,0,0,0,0,0.31028,0,0,0,0,0.14228,0,0,0,0,0,0,0,0,0,0,0,0,0,0,0.04624,0,0.1564,0.0014,0.06072,0,0,0,0,0,0.09705,0,0,0,0.10835,0,0,0,1.685462856,1.405612974,2.095440711,2.442402018,1.946339862,2.203785566,0.100025384,0.478401908,1.537833197,1.913707334,2.19109754,2.313038332,2.49547005,2.546718578,2.181047409,2.698664556,2.510496679,3.149600796,2.911234188,2.15034597,2.48021334,2.55588764,2.841897204,2.501028942,1.971501056,2.609329916,2.666007946,2.645521873,2.623611169,2.972670103,3.244253035,3.112702112,2.588203924,3.27168611,3.432953036,3.650619089,3.608651992,3.781836905,3.772160856,0,3.974469282,4.10692459,3.805567239,2.57586506,3.703070718,3.993553448,2.349722183,4.069067283,4.761001548,4.760778795,3.638525062,3.753245342,4.352787648,0.009734884,5.100508021,5.475721869,6.335163872,3.310484448,5.005176996,6.07832569
"403400000",Laguna,43400000.000000000000000,Prov,,,1st,,,,PH04034,Laguna,,PH04,PH,3.823939986830000,0.150938310154000,1802.267656870000110,3,7,5,0,0,0,0,0,0.00112,0,0,0,0,0,0,0,0.42846,0,0.12086,0,0,0,0,0,0,0,0,0,0,0,0,0,0,0,0,0,0,0,0,0,0,0,0,0,0,0.09015,0,0.2053,0.0014,0.06072,0,0,0,0,0,0.11736,0,0,0,0.16329,0,0,0,0.976978714,1.0802859,1.384947277,1.39627018,1.238497888,1.579911909,0.154316946,0.209840154,1.085888161,1.371749439,1.305054353,1.534381872,1.629324599,1.418721072,1.597256651,1.489100757,1.647824257,2.104311692,1.963927076,1.596485113,1.671393431,1.726423099,1.711981267,1.635877846,0.917002219,1.763429401,1.601842729,1.539328935,1.604715291,1.912689032,2.110580711,1.866797065,1.654418233,1.975860478,2.122173375,2.287946787,2.275285816,2.073792147,1.985239692,0,2.007933404,2.20245994,2.23054826,1.286041623,2.077115649,2.383812333,1.339108777,2.180600094,2.567129703,2.603968677,2.073121421,2.247575042,2.179760994,0.310445509,2.782043742,2.851967081,3.546556501,1.969152795,2.583119695,3.354958246
"405600000",Quezon,45600000.000000000000000,Prov,,,1st,,,,PH04056,Quezon,,PH04,PH,19.816821672100001,0.703479794832000,8402.272163129999171,9,16,7,0,0,0,0,0,0.00168,0,0,0,0.18226,0,0,0,0.71225,0,0.30727,0.00316,0,0,0,0,0.00548,0.46563,0,0,0,0,0.63292,0.00688,0,0,0,0,0,0,0,0,0,0,0,0,0.57348,0.23749,0.19266,1.07171,0.00168,0.09108,0,0,0,0,0.68836,0.15798,0,0,0,0.32131,0.03247,0,0,0.035325083,0.138733991,0.071744032,-0.04587468,0.011986864,0.199430896,0.059848572,0.082703234,0.091113072,0.130811683,0.092939197,0.085221152,0.090054714,0.119734942,0.179823665,0.035571946,0.113647508,0.283561696,0.157788985,0.086472221,0.116196223,0.10326578,0.065430776,0.075060242,0.14758781,0.149235824,0.009230227,0.01476489,0.277510686,0.372591766,0.370237206,0.282629821,0.203050765,0.187585764,0.275250107,0.345264255,0.327813746,0.276925748,0.252700138,0.112320629,0.243312092,0.211997637,0.405139642,0.220596863,0.302408976,0.471349436,0.335501877,0.366156553,0.354460652,0.485274262,0.381057108,0.331804412,0.393896077,0.079474909,0.474237592,0.397114157,0.578224356,0.281255109,0.355667771,0.528728331
"405800000",Rizal,45800000.000000000000000,Prov,,,1st,,,,PH04058,Rizal,,PH04,PH,2.982168943830000,0.100695532866000,1200.370955020000110,3,4,6,0,0,0,0,0,0.00084,0,0,0,0,0,0,0,0.33227,0,0.12058,0,0,0,0,0,0.0052,0,0,0,0,0,0,0,0,0,0,0,0,0,0,0,0,0,0,0,0,0.09359,0,0.36473,0.00112,0.06072,0,0,0,0,0,0.11736,0,0,0,0.16301,0,0,0,0.640588417,0.710355361,0.899527062,0.994596224,0.949285881,1.125885392,0.080058742,0.267424098,0.712058616,0.914014843,0.996633406,1.058474431,1.186500551,0.998525183,1.137004501,1.177735645,1.179154581,1.517460414,1.358307927,0.928598736,1.068631911,1.044268637,1.216589639,1.088813859,1.027532099,1.556566183,1.316662523,1.03856724,1.294623096,1.483192124,1.514322332,1.53480733,1.138828458,1.564677374,1.562471458,1.627883435,1.596281216,1.65567499,1.510342085,2.89e-05,1.412748547,1.706045591,1.766170245,1.070903649,1.488184905,1.800267187,1.407921602,1.573273946,2.051197504,2.11632339,1.63556638,1.65499901,1.672565333,0.192039722,1.997986372,2.225764379,2.587440795,1.873574019,1.961904458,2.47272611
"500500000",Albay,50500000.000000000000000,Prov,,,1st,,,,PH05005,Albay,,PH05,PH,6.507665223500000,0.205938518976000,2469.559875769999962,15,15,18,0,0,0,0,0,0.00112,0,0,0,0,0,0,0,0.52085,0,0.40654,0.02319,0,0,0,0,0,0.52296,0,0,0,0,0.88376,0,0,0,0,0,0,0,0,0,0,0,0,0,0.68484,0.27388,0.66995,0.31541,0.00056,0.06072,0,0,0,0,0,0.06655,0,0,0,0,0.0026,0,0,0.082202585,0.142365085,0.082386807,0.071060041,0.03873807,0.209744633,0.209902091,0.18217615,0.168813557,0.214533712,0.093687783,0.110595883,0.176088831,0.151698286,0.297456834,0.068314197,0.195519898,0.29819497,0.248461741,0.216916306,0.208571192,0.199177542,0.12791282,0.203150753,0.215172372,0.174530241,0.082371605,0.009928436,0.404234759,0.497509235,0.444161781,0.349797689,0.318312612,0.302852822,0.552058338,0.349698626,0.442863919,0.34610628,0.427166579,0.540347066,0.38668085,0.220601246,0.548102431,0.455254365,0.321050174,0.556593905,0.361325764,0.490548844,0.49832726,0.64864424,0.571138742,0.591983393,0.59627738,0.303861928,0.730771466,0.570886388,0.75228671,0.587580071,0.695677091,0.640793763
"501600000",Camarines Norte,51599999.999999992549419,Prov,,,2nd,,,,PH05016,Camarines Norte,,PH05,PH,6.143920311610000,0.177587770083000,2121.372183290000066,22,17,18,0,0,0,0,0,0.00084,0,0,0,0,0,0,0,0.37998,0,0.21269,0.00316,0,0,0,0,0.00028,0,0,0,0,0,0,0.01032,0,0,0,0,0,0,0,0,0,0,0,0,0,0.08003,0,0.88249,0,0.04048,0,0,0,0,0,0.13767,0,0,0,0.16329,0.02263,0,0,0.012044868,0.130539626,0.026673022,-0.078645147,-0.035946891,0.168820513,0.070717766,0.095168321,0.093661153,0.12423627,0.04983309,0.028543253,0.048308234,0.122583333,0.167953139,0.005777323,0.065257984,0.173340581,0.094214028,0.049952182,0.078444244,0.033838895,0.034188961,0.047555057,0.075058595,0.074804582,-0.021057437,-0.039120595,0.278708138,0.354582311,0.335808122,0.226668807,0.156068695,0.131226897,0.226284039,0.276031432,0.29537094,0.230975453,0.235951756,0.265475235,0.196060683,0.168908811,0.369585453,0.270256531,0.253401518,0.410250255,0.341699575,0.344272748,0.299977597,0.45501185,0.359648066,0.230073164,0.353910415,0.062347633,0.456153271,0.351741571,0.504034911,0.255309575,0.280780246,0.443858369
"501700000",Camarines Sur,51700000.000000000000000,Prov,,,1st,,,,PH05017,Camarines Sur,,PH05,PH,12.538796488099999,0.441585483185000,5284.711015949999819,21,30,22,0,0,0,0,0,0.00112,0,0,0,0,0,0,0,0.55563,0,0.36052,0.0066,0,0,0,0,0,0.31042,0,0,0.05122,0,1.07375,0,0,0,0,0,0,0,0,0,0,0,0,0,0.45656,0.28007,0.66995,0.81652,0.00028,0.06072,0,0,0,0,0,0.12748,0,0,0,0.12717,0.01307,0,0.34428,0.023563934,0.166324035,0.054108552,-0.005135562,-0.004703014,0.169032012,0.126452249,0.171035819,0.109352013,0.168547733,0.09742092,0.065999262,0.108292238,0.117777081,0.207661496,0.05836731,0.151925431,0.256279881,0.183248105,0.121752522,0.126997053,0.113031672,0.071094012,0.100330613,0.153669493,0.165406941,0.026117444,-0.022357863,0.336884249,0.418281625,0.384188021,0.26854205,0.278672156,0.218045189,0.295897479,0.291746213,0.35903786,0.286575581,0.302607869,0.373231501,0.290462166,0.22134866,0.445052185,0.358268672,0.274354919,0.469160818,0.461985522,0.393634239,0.395773659,0.544273233,0.431239829,0.380919364,0.444445361,0.231195853,0.559545246,0.469149745,0.644907997,0.038171258,0.571589161,0.547959331
"502000000",Catanduanes,52000000.000000000000000,Prov,,,3rd,,,,PH05020,Catanduanes,,PH05,PH,4.387797815230000,0.122082361060000,1460.554290660000106,14,17,24,0,0,0,0,0,0.00056,0,0,0,0,0,0,0,0.33086,0,0,0.01279,0,0,0,0,0,0,0,0,0.30361,0,0.94623,0.00176,0,0,0,0,0,0,0,0,0,0,0,0,0,0,1.10557,0.05122,0,0,0,0,0,0,0,0.04624,0,0,0,0,0.0026,0,1.07276,-0.018967591,0.10055539,-0.015003043,-0.089146015,-0.086073138,0.122052402,0.071703304,0.085402925,0.048935618,0.057306529,0.016351046,-0.023132787,0.002271873,0.075282134,0.131648779,-0.056064729,0.046816267,0.144331485,0.045246965,0.002714977,0.046206254,0.005592134,-0.052673951,0.035467842,0.040937834,0.037601853,-0.071374436,-0.100859798,0.172930886,0.305496492,0.254290316,0.168985345,0.106149204,0.116463829,0.156097531,0.195054176,0.220486362,0.1618638,0.172991489,0.203371413,0.172210858,0.090587084,0.296568194,0.248486339,0.173552649,0.312255704,0.114226497,0.271564402,0.240137958,0.394152798,0.270991122,0.339335133,0.334741834,0.27030648,0.392645759,0.269272176,0.417671267,0.421144141,0.433109257,0.331302271
"504100000",Masbate,54100000.000000000000000,Prov,,,1st,,,,PH05041,Masbate,,PH05,PH,12.607522819900000,0.331499786092000,3989.237044479999895,26,20,13,0,0,0.00604,0.00576,0,0.00168,0,0,0,0,0,0.00056,0,0.17565,0,0.98564,0.02319,0,0,0,0,0,0.67817,0,0,0,0,0,0,0,0,0,0,0,0,0,0,0,0,0,0,0.98198,0.44202,0.31555,0.20643,0.00168,0.12727,0,0,0,0,0,0.07674,0,0,0,0.00372,0,0,0,-0.048396269,0.043941463,0.006358068,-0.07977455,-0.054411954,0.06210379,0.109375587,0.118377931,0.058494296,0.061978834,0.017509329,-0.010229598,0.016752789,0.048073526,0.125515513,-0.057574635,0.106752062,0.140199524,0.084458016,0.054702028,0.082568397,0.039982145,-0.033217119,0.047749346,0.079577884,0.056380635,-0.086977172,-0.074681687,0.219545121,0.331055624,0.285806015,0.200604061,0.121996683,0.117878543,0.169682639,0.193779264,0.239576778,0.179488192,0.242011616,0.335951318,0.20834086,0.11457244,0.335923514,0.294495346,0.241977546,0.340956615,0.278118447,0.284071058,0.267103719,0.396936162,0.33187298,0.293247405,0.340727397,0.118451992,0.418695577,0.302844621,0.464223998,0.387794626,0.434237385,0.353127793
"506200000",Sorsogon,56200000.000000000000000,Prov,,,2nd,,,,PH05062,Sorsogon,,PH05,PH,6.461048640160000,0.165416909358000,1986.411064959999976,20,22,28,0,0,0,0,0,0.0014,0,0,0,0,0,0,0,0.33086,0,0.70052,0.02291,0,0,0,0,0,0.63784,0,0,0,0,0,0,0,0,0,0,0,0,0,0,0,0,0,0,0.68484,0.46844,0.25337,0,0.00084,0.08672,0,0,0,0,0,0.06655,0,0,0,0,0.00084,0,0,-0.009511057,0.108430999,0.036396144,-0.052993075,-0.037834238,0.119504839,0.118552273,0.138927878,0.096771864,0.098986136,0.046233276,0.001254764,0.064962182,0.045708556,0.211045052,-0.032863184,0.092145844,0.189579847,0.128832467,0.105810345,0.113063659,0.075457147,-0.006188228,0.142175769,0.127326339,0.117631265,-0.019342956,-0.060730575,0.272881497,0.393596128,0.333589402,0.239392646,0.177366015,0.177194574,0.233096866,0.258508685,0.302405321,0.230969879,0.2844739,0.368860481,0.25654352,0.145711082,0.408175117,0.342697029,0.319628241,0.421610543,0.368639375,0.361325223,0.335471976,0.462772425,0.397080214,0.492960456,0.464594649,0.23579427,0.529638654,0.383102691,0.594189671,0.575639922,0.579975326,0.492891042
"600400000",Aklan,60400000.000000007450581,Prov,,,2nd,,,,PH06004,Aklan,,PH06,PH,4.626091201170000,0.139664072433000,1684.872282150000046,9,14,3,0,0,0.00892,0.0026,0,0,0,0,0,0,0.54369,0.00056,0.00028,0,0,0,0,0,0,0,0,0,0,0,0,0,0,0,0,0,0,0,0,0,0,0,0,0,0,0,0,0.53385,0,0,0,0.00056,0,0,0,0,0,0,0,0,0,0,0,0,0,0,-0.032447486,0.140924009,0.020095271,-0.028563522,-0.008596432,0.025325729,0.017457132,0.074558045,0.077176013,0.055256292,0.063414564,0.052552257,0.080870353,0.002824288,0.098254986,0.069565894,0.19640626,0.210171877,0.195575507,0.150166683,0.176756031,0.113680964,0.081132526,0.105274629,0.136171635,0.088253958,0.028998777,0.044653532,0.292643468,0.460766464,0.453779982,0.28542169,0.212017763,0.211992461,0.251684742,0.274453482,0.304863991,0.25044045,0.348192833,0.00013,0.278612548,0.160491791,0.442449835,0.307140802,0.318105152,0.416309468,0.266687826,0.30158253,0.382671449,0.50959882,0.423351859,0.067975286,0.380071222,0.064497356,0.53812446,0.426092959,0.622025041,0.412054006,0.564283659,0.5044759
"600600000",Antique,60600000.000000000000000,Prov,,,2nd,,,,PH06006,Antique,,PH06,PH,6.045477589900000,0.226466725242000,2736.499202070000138,13,18,14,0,0,0.01208,0.00112,0,0,0,0,0,0,0.45656,0.00056,0.00028,0,0,0.00084,0,0,0,0,0,0,0,0,0,0,0.00028,0,0,0,0,0,0,0,0,0,0,0,0,0,0,0.47483,0,0,0,0,0,0,0.17565,0,0,0,0,0,0,0,0,0,0,0,-0.040777983,0.071320048,0.072310235,-0.034088994,-0.02258252,0.121962209,0.029295312,0.039148275,0.062193098,0.054185066,0.034388659,0.056287002,0.080231749,0.014968776,0.128502632,0.016649015,0.141806533,0.143656361,0.142515578,0.077829411,0.092648898,0.054440963,0.015929186,0.053450284,0.079925397,0.068475383,-0.001539833,0.024209107,0.237422174,0.304489164,0.356208305,0.27366022,0.192794813,0.165103814,0.277558596,0.293349036,0.289515102,0.228754867,0.359546911,0.000112,0.216090808,0.188582904,0.411875998,0.233174551,0.286028059,0.368207179,0.40212871,0.272901891,0.339948644,0.448700713,0.36612199,0.075263041,0.381723637,0.188840033,0.210956793,0.409952018,0.518014553,0.299198219,0.375179108,0.435760973
"601900000",Capiz,61900000.000000000000000,Prov,,,1st,,,,PH06019,Capiz,,PH06,PH,3.897668132600000,0.219569656736000,2651.033076390000133,4,6,10,0,0,0.00576,0.0026,0,0,0,0,0,0,0.54369,0.00056,0.00028,0,0,0,0,0,0,0,0,0,0,0,0,0,0,0,0,0,0,0,0,0,0,0,0,0,0,0,0,0.56371,0,0,0,0.00056,0,0,0,0,0,0,0,0,0,0,0,0,0,0,-0.066843612,0.108194906,0.031187679,-0.034325661,-0.036718948,0.032231005,0.017784664,0.085227789,0.06662185,0.062044705,0.035334781,0.016916863,0.03883731,-0.014763188,0.080617657,0.010064099,0.187617614,0.181410104,0.16528088,0.080112307,0.118921151,0.065693932,0.034985396,0.036771036,0.113029646,0.089413137,0.003207296,0.019519098,0.250781349,0.44992836,0.36019552,0.25190319,0.219490224,0.178236498,0.223443668,0.249028791,0.295809455,0.217724088,0.299344724,0.048687704,0.236591887,0.162271774,0.456481487,0.275826204,0.316774815,0.401965299,0.252221739,0.301435631,0.346303136,0.487115167,0.374220547,0.03667043,0.348009233,0.343298917,0.529524212,0.445373749,0.611864273,0.526042063,0.485698161,0.479279408
"603000000",Iloilo,63000000.000000000000000,Prov,,,1st,,,,PH06030,Iloilo,,PH06,PH,8.988086105420004,0.390473997503000,4720.209325709998666,12,13,11,0,0,0.00576,0.00632,0,0,0,0,0,0,0.54369,0.00084,0.00028,0,0,0.0026,0,0,0,0,0,0,0,0,0,0,0,0,0,0,0,0,0,0,0,0,0,0,0,0,0,0.43977,0,0,0,0.00084,0.04617,0,0,0,0,0,0,0,0,0,0,0,0,0,0.039697856,0.061426616,0.154508689,0.106293797,0.101325201,0.118017359,0.020850782,0.169386764,0.153177046,0.194874907,0.144745044,0.230789994,0.221725869,0.004002681,0.291530503,0.179598437,0.313300845,0.330471275,0.332436255,0.240027861,0.28730682,0.22874687,0.238245973,0.250488301,0.3151854,0.357671592,0.179939591,0.211758203,0.412559895,0.505839069,0.475001884,0.447035416,0.449156148,0.37684282,0.477448958,0.418985469,0.495510151,0.420806103,0.536333756,0.061424498,0.42711396,0.452718973,0.649699799,0.388098964,0.465682667,0.591288564,0.617578241,0.39952181,0.553596808,0.676879277,0.608826428,0.045574326,0.603518305,0.613654404,0.629134179,0.705436929,0.928167613,0.743581899,0.497924122,0.779046834
"604500000",Negros Occidental,64500000.000000000000000,Prov,,,1st,,,,PH06045,Negros Occidental,,PH06,PH,8.952083363230004,0.632166246974000,7658.800472439999794,15,16,22,0,0,0.00232,0.16378,0,0,0,0,0,0,0.73199,0.00084,0.00028,0,0,0.0078,0,0,0,0,0,0,0,0,0,0,0,0,0,0,0,0,0,0,0,0,0,0,0,0,0,0,0,0,0,0,0,0,0.68836,0,0,0,0,0,0,0,0,0,0,0,0.074862873,0.077412526,0.00744666,0.099899523,0.138185903,0.036984111,0.118948352,0.227923191,0.18830302,0.208513925,0.170496191,0.220294271,0.231823161,0.061751632,0.317224168,0.115582456,0.291631994,0.30650934,0.307854353,0.269637537,0.307771546,0.207321608,0.214919298,0.219562039,0.280997085,0.166113212,0.134968718,0.192303546,0.435199913,0.44144989,0.490185028,0.401205872,0.407523979,0.327609483,0.421850768,0.427439855,0.459563433,0.37202555,0.476783717,0.199503945,0.422394578,0.389883456,0.605904887,0.300428103,0.438793519,0.492855903,0.466095852,0.416003515,0.530358117,0.594357168,0.583272692,0.04337289,0.698251212,0.118686942,0.507613389,0.601560329,0.788488103,0.646438624,0.81706516,0.62805698
"607900000",Guimaras,67900000.000000000000000,Prov,,,4th,,,,PH06079,Guimaras,,PH06,PH,3.376801436350000,0.049250435426400,596.210641555000052,7,7,4,0,0,0,0.0026,0,0,0,0,0,0,0,0.00056,0.00028,0,0,0.00604,0,0,0,0,0,0,0,0,0,0,0,0,0,0,0,0,0,0,0,0,0,0,0,0,0,0,0,0,0,0,0,0,0,0,0,0,0,0,0,0,0,0,0,0,-0.090218751,0.030422432,0.069665178,-0.032479554,0.013338116,0.00349096,0.01429165,0.04625436,0.023810752,0.060857168,0.053519738,0.06091525,0.046404987,-0.047153629,0.207768518,0.072192295,0.20765,0.176635614,0.167900852,0.104048587,0.109273919,0.081867798,0.035574355,0.075632721,0.113133261,0.006829233,0.004889773,0.049720117,0.328527811,0.328910495,0.340103087,0.271719382,0.241767656,0.199263229,0.273463363,0.22231138,0.3066125,0.240191567,0.416077766,0.003578526,0.228127778,0.231846431,0.440400605,0.311404202,0.302425318,0.400646954,0.354171477,0.305666118,0.382939766,0.431077694,0.409832633,0.111658061,0.470405299,0.113602122,0.236223781,0.408051516,0.639767986,0.416105483,0.117692741,0.452465462
"701200000",Bohol,71200000.000000000000000,Prov,,,1st,,,,PH07012,Bohol,,PH07,PH,9.713699152989999,0.327235382601000,3970.084189709999919,16,19,15,0,0,0.00084,0.01208,0,0,0,0,0,0,0,0.00084,0,0,0,0.00836,0,0,0,0,0,0,0,0,0,0,0,0,0,0,0,0,0,0,0.00028,0,0,0,0,0,0,0,0,0,0,0,0,0,0.5855,0,0,0,0,0,0,0,0,0,0,0,-0.074633997,0.032483069,0.0060247,-0.015704665,-0.011668838,0.006160643,0.165816397,0.120879204,0.094619335,0.073342535,0.026402659,0.083489377,0.070976142,0.030342431,0.210004635,0.059571635,0.143886522,0.187135692,0.191416521,0.164420848,0.145289704,0.077434952,0.056065585,0.082378374,0.07800521,0.053378869,-0.016424659,0.045646663,0.35273166,0.361122887,0.245923745,0.27793543,0.250080059,0.180627853,0.254740585,0.296285279,0.322600677,0.242625718,0.291599477,0.22486106,0.276818058,0.29049909,0.442006294,0.022616412,0.346312848,0.393441006,0.236269985,0.270514369,0.389398076,0.445159983,0.383642459,0.05527369,0.453006546,0.022749097,0.40221167,0.447442749,0.639504493,0.553695815,0.525916732,0.503499787
"702200000",Cebu,72200000.000000000000000,Prov,,,1st,,,,PH07022,Cebu,,PH07,PH,13.022488425200001,0.402044071967000,4870.143504730000132,11,23,12,0,0,0.00288,0.19462,0,0.00056,0,0,0,0,0.73199,0.00112,0,0,0,0.00808,0,0,0,0,0,0,0,0,0,0,0,0,0,0,0,0,0,0,0,0,0,0,0,0,0,0.26622,0,0,0,0.00084,0.07667,0,0.81378,0.0014,0,0,0,0,0,0,0,0,0,0,0.672756103,0.06614519,0.008428479,0.703050227,0.631034016,0.141397162,0.570202161,0.829795414,0.782741409,0.878129856,0.657495857,0.852718017,0.897081531,0.456851703,0.968076626,0.66467986,0.835955977,0.969208704,0.940162885,0.953480762,0.95617496,0.855861055,0.965760045,0.892508054,0.668881657,0.795897939,0.78972996,0.94788156,1.156305254,0.928262858,1.185116888,1.137326301,1.062340011,1.024620692,1.185810227,1.370583485,1.065615362,1.078038663,1.005292966,1.117434211,1.268790002,1.148372159,1.286084643,0.083539091,1.153751536,1.306665089,0.685204007,0.94096986,1.349672393,1.288088955,1.246969726,0.101806889,1.566958127,0.046129285,0.533527625,1.589030879,1.93657806,1.405618683,1.323128612,1.657347203
"704600000",Negros Oriental,74600000.000000000000000,Prov,,,1st,,,,PH07046,Negros Oriental,,PH07,PH,5.319493580120000,0.422860892517000,5133.852420229999552,19,24,25,0,0,0,0.25997,0,0,0,0,0,0,0,0.00084,0,0,0,0.0078,0,0,0,0,0,0,0,0,0,0,0,0,0,0,0,0,0,0,0,0,0,0,0,0,0,0,0,0,0,0,0,0,0.49837,0,0,0,0,0,0,0,0,0,0,0,0.00261727,0.055982377,-0.01011189,-0.019436234,-0.005033785,0.094326768,0.154503477,0.069549431,0.068163413,0.087676763,0.041553244,0.088076684,0.100770275,0.147263089,0.177504261,0.054279854,0.159246686,0.1842935,0.168339092,0.161177467,0.173542164,0.094512451,0.067850586,0.093166696,0.132677342,-0.005792453,-0.009675292,0.01584447,0.332721696,0.353772423,0.307451731,0.279997375,0.248517585,0.180832431,0.24394577,0.304081572,0.286290015,0.217775019,0.115109499,0.122405194,0.213203889,0.230933402,0.415249975,0.062935501,0.283005015,0.343738466,0.437107453,0.140285746,0.280299582,0.49048688,0.355920717,0.05427735,0.369773933,0.069997574,0.312746666,0.393634882,0.522141677,0.33698606,0.594007911,0.398361672
"706100000",Siquijor,76100000.000000000000000,Prov,,,5th,,,,PH07061,Siquijor,,PH07,PH,1.057424078240000,0.026291047978900,319.577731137999990,7,2,4,0,0,0,0.18226,0,0,0,0,0,0,0,0,0,0,0,0.00724,0,0,0,0,0,0,0,0,0,0,0,0,0,0,0,0,0,0,0,0,0,0,0,0,0,0,0,0,0,0,0,0,0,0,0,0,0,0,0,0,0,0,0,0,-0.090594954,0.003559939,0.010565946,-0.044109396,-0.029991623,0.115828541,0.020493664,0.004924774,0.064573638,0.077645385,0.054727082,0.069212024,0.05670215,0.032126093,0.136071234,0.027211879,0.141825235,0.165275826,0.17698871,0.153908413,0.11994949,0.080462809,0.093368155,0.003546262,0.215274871,0,-0.014924921,0.014142761,0.270133283,0.320316713,0.289123584,0.259250623,0.24462677,0.176711443,0.228759961,0.274699372,0.313285146,0.247406528,0.00355736,0.301834414,0.261929234,0.340388144,0.451913957,0.014846325,0.34067488,0.29291502,0.006138119,0.05107457,0.379722187,0.577053607,0.079884011,0.070561427,0.512312508,0,0.002343854,0.456069512,0.657598355,0.154480166,0.644093215,0.47086108
"802600000",Eastern Samar,82600000.000000000000000,Prov,,,2nd,,,,PH08026,Eastern Samar,,PH08,PH,11.096878099100000,0.352328736906000,4249.753610349999690,41,29,25,0,0,0.00112,0.0172,0,0.0014,0,0,0,0,1.10234,0.00084,0,0.09619,0,0.89738,0.19891,0,0,0,0,0,0.54018,0,0,0,0,0,0,0,0,0,0.00112,0,0,0,0,0,0,0,0,0.33255,0.71225,0,0,0.00288,0.10611,0,0,0.00864,0,0,0.03036,0,0,0,0,0.00028,0,0,-0.112121516,0.027557353,0.012026152,-0.118085092,-0.083965529,0.002805363,0.061260574,0.098090846,0.037017007,0.040402942,-0.007065408,-0.005350847,0.010739285,-0.012532872,0.112591374,-0.072660133,0.068867499,0.093741665,0.071801579,0.059378113,0.070323941,0.008940405,0.002656323,-0.036989752,0.012367557,0.042676731,-0.089026352,-0.083529345,0.247775948,0.320967506,0.256695776,0.176917156,0.11263065,0.120054931,0.170373103,0.189999442,0.195891768,0.149646327,0.164075576,0.190927811,0.135434722,0.090607444,0.289375322,0.210719184,0.195514237,0.26655488,0.199335024,0.147236799,0.185471457,0.372554366,0.252295002,0.286890229,0.316508722,0.116663249,0.387945236,0.26367356,0.351016457,0.36428464,0.398473149,0.314007361
"803700000",Leyte,83700000.000000000000000,Prov,,,1st,,,,PH08037,Leyte,,PH08,PH,8.727205312940002,0.461200581066000,5575.756104480000431,22,21,21,0,0,0.0014,0.01208,0,0.00112,0,0,0,0,0.92422,0.00112,0,0,0,0.00604,0,0,0,0,0,0,0,0,0,0,0,0,0,0,0,0,0,0,0,0,0,0,0,0,0,0.37864,0,0,0,0.00112,0.09698,0,0.31541,0.00864,0,0,0,0,0,0,0,0,0,0,-0.002387099,0.066562187,0.061365895,0.038261338,0.010141739,0.019167036,0.195751993,0.214686939,0.162154174,0.16541612,0.022157073,0.043319592,0.046785004,0.074517926,0.240348374,0.071636098,0.180686779,0.228750827,0.223235243,0.210250386,0.207420998,0.157656622,0.137728901,0.127004177,0.221252149,0.197925017,0.06991866,0.116073533,0.386956831,0.460860792,0.4164974,0.348946318,0.279796505,0.259501482,0.319699723,0.342856694,0.373644708,0.296561201,0.366723687,0.389887072,0.340161734,0.25533201,0.508486731,0.120000452,0.364970106,0.465373034,0.357846751,0.246641058,0.412680774,0.520138217,0.431632139,0.160327259,0.535586455,0.140006209,0.457810915,0.508365241,0.664493419,0.651099211,0.680029318,0.567350567
"804800000",Northern Samar,84800000.000000000000000,Prov,,,2nd,,,,PH08048,Northern Samar,,PH08,PH,10.390671671800000,0.286020119264000,3440.490211830000135,28,19,22,0,0,0.00056,0,0,0.0014,0,0,0,0,0,0,0,0.37534,0,0.87167,0.15289,0,0,0,0,0,1.02281,0,0,0,0,0,0,0,0,0,0.00084,0,0,0,0,0,0,0,0,0.63081,0.77647,0.08523,0,0.0014,0.1071,0,0,0,0,0,0.04617,0,0,0,0,0.00056,0,0,-0.064845235,0.044405502,0.014084737,-0.096427094,-0.082538242,0.1089822,0.070328174,0.118842634,0.052636935,0.045722423,0.000496,-0.01701883,0.009436691,0.022587593,0.149718892,-0.06465784,0.054526951,0.117489451,0.072316064,0.088809942,0.095511405,0.017508231,-0.019242944,0.013576534,0.013288223,0.076814167,-0.093794321,-0.076981472,0.256440889,0.298955317,0.285698411,0.188068358,0.104687387,0.12262109,0.180500961,0.211875464,0.21510715,0.165019599,0.213395688,0.27117809,0.179957957,0.099447558,0.300036351,0.279756903,0.228989221,0.299015323,0.244419193,0.18862179,0.200967495,0.39952242,0.321116519,0.320652755,0.341938882,0.20672199,0.422850905,0.274752106,0.397101814,0.437904339,0.39175972,0.324051241
"806000000",Samar,86000000.000000000000000,Prov,Western Samar,,1st,,,,PH08060,Samar (Western Samar),Western Samar,PH08,PH,13.300759148699999,0.446541366816000,5382.405823719999717,22,27,25,,,,,,,,,,,,,,,,,,,,,,,,,,,,,,,,,,,,,,,,,,,,,,,,,,,,,,,,,,,,,,,,,,,,,,,,,,,,,,,,,,,,,,,,,,,,,,,,,,,,,,,,,,,,,,,,,,,,,,,,
"806400000",Southern Leyte,86400000.000000000000000,Prov,,,3rd,,,,PH08064,Southern Leyte,,PH08,PH,4.214643570720000,0.136630639847000,1655.441576630000100,17,16,7,0,0,0.00112,0.01376,0,0,0,0,0,0,0,0.00112,0,0,0,0.00316,0,0,0,0,0,0,0,0,0,0,0,0,0,0,0,0,0,0,0.00028,0,0,0,0,0,0,0,0,0,0,0,0.04062,0,0.67965,0.00864,0,0,0,0,0,0,0,0,0,0,-0.102007194,0.08611596,0.012000924,-0.058708592,-0.040045886,0.028778689,0.108334512,0.107892425,0.072791988,0.069044685,0.024591167,0.045747834,0.037709907,-0.012621617,0.140587521,0.027894545,0.111360778,0.126223806,0.105453471,0.099302895,0.104803876,0.038939918,0.016815871,0.046176331,0.015011744,0.006572874,-0.049017879,0.008503471,0.282625398,0.275508161,0.355878454,0.220241235,0.170088172,0.115469995,0.190953384,0.182126667,0.24023958,0.160878493,0.233340202,0.160733179,0.184296369,0.177344818,0.337686025,0.074802741,0.246913187,0.305989229,0.233937962,0.081632149,0.288784147,0.349035986,0.291147903,0.170740894,0.350139846,0.06419814,0.08327017,0.320446812,0.429241629,0.434657597,0.438590839,0.361623931
"807800000",Biliran,87800000.000000000000000,Prov,,,4th,,,,PH08078,Biliran,,PH08,PH,1.777047137630000,0.044082699778700,531.827804360999949,14,20,9,0,0,0.00084,0.00864,0,0.00112,0,0,0,0,0,0.00056,0,0,0,0.37998,0.02059,0,0,0,0,0,0,0,0,0,0,0,0,0,0,0,0,0,0,0,0,0,0,0,0,0.37864,0,0,0,0.00084,0.09698,0,0,0.00112,0,0,0,0,0,0,0,0,0,0,-0.075273742,0.039359095,0.018117359,-0.062406913,-0.0770705,0.102223356,0.089176035,0.148705896,0.069359981,0.100202405,0.012075378,0.024246596,0.055856699,0.063744335,0.164392914,-0.012728343,0.119840407,0.159724726,0.126021685,0.118352197,0.118558075,0.076398675,0.064452137,0.001344041,0.107568369,0.11268515,-0.048110056,-0.0424264,0.276712466,0.355236111,0.294841891,0.239046236,0.146360361,0.163196469,0.253004094,0.248566182,0.291659003,0.22307025,0.280516224,0.375059947,0.231899003,0.142687001,0.412506831,0.242243617,0.272183697,0.372169133,0.287190443,0.286829425,0.300186299,0.470723646,0.384097605,0.113360877,0.391351113,0.190934857,0.44319302,0.359559332,0.511535286,0.508740883,0.511924272,0.421515718
"907200000",Zamboanga del Norte,97200000.000000000000000,Prov,,,1st,,,,PH09072,Zamboanga del Norte,,PH09,PH,8.170921298580000,0.515482085040000,6284.121133900000132,,,,0,0,0,0.18226,0,0,0,0,0,0,0,0,0,0,0,0,0,0,0,0,0,0,0,0,0,0,0,0,0,0,0,0,0.06374,0,0,0,0,0,0,0,0,0,0,0,0,0,0,0,0,0,0,0,0,0,0,0,0,0,0,0,-0.015637039,0.002442449,0.00529122,-0.077282514,-0.057463985,0.236240227,0.025740074,0.047513553,0.008917127,0.023312396,0.004628718,0.017051832,0.022049027,-0.016302095,0.073380226,0.025061873,0.105629331,0.072641283,0.040592674,0.079276821,0.106378088,-0.000667,-0.007280249,-0.057258782,-0.00812244,0.011089359,-0.080267704,-0.041851914,0.23129821,0.256602407,0.197662618,0.196420581,0.156864106,0.09742476,0.126388727,0.230989333,0.18845733,0.145576006,0.086227939,0.191328053,0.12459287,0.138918121,0.317604253,0.084508131,0.20128524,0.110139598,0.115916593,0.188892844,0.160847705,0.366551365,0.288270744,0.063464293,0.252864505,0.083805353,0.153379588,0.261298232,0.339773142,0.189652742,0.340067046,0.249631553
"907300000",Zamboanga del Sur,97300000.000000000000000,Prov,,,1st,,,,PH09073,Zamboanga del Sur,,PH09,PH,11.811346620500000,0.439806885107000,5366.233512810000320,,,,0,0,0,0,0,0,0,0,0,0,0,0,0,0,0,0,0,0,0,0,0,0,0,0,0,0,0,0,0,0,0,0,0.06374,0,0,0,0,0,0,0,0,0,0,0,0,0,0,0,0,0,0,0,0,0,0,0,0,0,0,0,0.042011482,0.072201877,0.080644602,0.05516654,-0.013345811,0.399743481,0.1272903,0.142848591,0.139801661,0.107605936,0.038552059,0.134791929,0.142114653,0.046917224,0.112103188,0.164601404,0.217253507,0.173428276,0.168590299,0.205979259,0.241930786,0.116186811,0.129060186,0.09921535,0.055981375,0.099866697,0.008520505,0.074775476,0.350325306,0.27856076,0.264492419,0.335325444,0.311096776,0.199225479,0.287725899,0.3156512,0.304294558,0.268789994,0.243988102,0.293697484,0.254248498,0.290309348,0.44553484,0.230049047,0.332592449,0.258118622,0.043527105,0.381358222,0.283726221,0.383491667,0.451589851,0.13297395,0.214407568,0.246967075,0.224151481,0.50191477,0.55200914,0.283709198,0.520951875,0.480263093
"908300000",Zamboanga Sibugay,98300000.000000000000000,Prov,,,2nd,,,,PH09083,Zamboanga Sibugay,,PH09,PH,8.997251524179999,0.223408062377000,2725.829233750000185,37,41,38,0,0,0,0,0,0,0,0,0,0,0,0,0,0,0,0,0,0,0,0,0,0,0,0,0,0,0,0,0,0,0,0,0.04343,0,0,0,0,0,0,0,0,0,0,0,0,0,0,0,0,0,0,0,0,0,0,0,0,0,0,0,-0.000428,-0.00678857,0.000727,-0.066376344,-0.075562019,0.228723659,0.051645542,0.027287262,0.007751821,0.059789008,0.003363896,0.022870906,0.021147387,-0.016024181,0.056174835,0.021704392,0.095840941,0.080275739,0.044801814,0.091578035,0.12334422,0.003576579,0.005822487,-0.021728894,0.018654372,0.025462568,-0.082995482,-0.001711095,0.204414509,0.232261121,0.207168329,0.18473241,0.177620225,0.100620552,0.14072006,0.229733924,0.1788867,0.136255999,0.07808325,0.19573135,0.120452881,0.151306834,0.31919815,0.10188572,0.20527387,0.133492386,0.079338832,0.247936973,0.14208774,0.219390173,0.319043495,0.05342835,0.278765718,0.025334906,0.028133876,0.306519482,0.352249082,0.103877373,0.190533969,0.24850714
"990100000",City of Isabela (Not a Province),99700000.000000000000000,,,,,,,,P09901,City of Isabela (not a province),,PH09,PH,1.231033064290000,0.017980198950400,219.869683721000001,,,,,,,,,,,,,,,,,,,,,,,,,,,,,,,,,,,,,,,,,,,,,,,,,,,,,,,,,,,,,,,,,,,,,,,,,,,,,,,,,,,,,,,,,,,,,,,,,,,,,,,,,,,,,,,,,,,,,,,,,,,
"1001300000",Bukidnon,101300000.000000000000000,Prov,,,1st,,,,PH10013,Bukidnon,,PH10,PH,5.019050617610000,0.767606756075000,9358.461058330000014,22,23,20,0,0,0,0.33227,0,0,0,0,0,0,0,0,0,0,0,0.00112,0,0,0,0,0,0,0,0,0,0,0,0,0,0,0,0,0.05671,0,0.00028,0,0,0,0,0,0,0,0,0,0,0,0,0,0,0,0,0,0,0,0,0,0,0,0,0,-0.052500197,0.028733385,0.051638754,0.006227726,-0.04749915,0.243987222,0.151790663,0.124434486,0.080218022,0.100711546,0.061920004,0.073648776,0.064955174,0.05383962,0.107721146,0.027251362,0.143950495,0.115253541,0.113454831,0.103290999,0.126201402,0.082666152,0.068355426,0.027709123,0.091074438,0.021913304,-0.038839384,-0.026637355,0.273132364,0.315057321,0.235982862,0.266599908,0.200754753,0.172190297,0.222628849,0.195837825,0.243285867,0.206486265,0.266422157,0.264371893,0.207940239,0.207643851,0.35212016,0.057269905,0.26404487,0.370689442,0.221361426,0.343931375,0.296344214,0.398046099,0.334848864,0.091593194,0.340662981,0.045380267,0.374134626,0.349506331,0.413614982,0.336694325,0.436644631,0.351702044
"1001800000",Camiguin,101800000.000000000000000,Prov,,,5th,,,,PH10018,Camiguin,,PH10,PH,0.701327915638000,0.019952008138700,242.533088399999997,18,15,9,0,0,0,0,0,0,0,0,0,0,0,0,0,0,0,0.00316,0,0,0,0,0,0,0,0,0,0,0,0,0,0,0,0,0,0,0.00028,0,0,0,0,0,0,0,0,0,0,0,0,0,0,0,0,0,0,0,0,0,0,0,0,0,-0.070941917,0.029413361,0.007452303,-0.047558389,-0.035882344,0.185455579,0.128268262,0.088159703,0.055238494,0.110338201,0.036106928,0.050729147,0.005173371,0.012978664,0.147077323,0.040783054,0.098451124,0.101410725,0.110480904,0.085198817,0.00204654,0.036562682,-0.018615263,0.019175684,0.013674565,0.005448925,-0.073925894,-0.163575897,0.248795719,0.354313494,0.149697964,0.211317918,0.193771917,0.133430716,0.16102402,0.221061703,0.258938259,0.181210193,0.254528582,0.204304613,0.160327702,0.189819151,0.302701164,0,0.235403239,0.307807158,0.103537986,0.029893415,0.322989015,0.428872665,0.380579619,0.005749003,0.274708365,0,0.14089462,0.321997506,0.450044224,0.434617675,0.462373536,0.353638828
"1003500000",Lanao del Norte,103500000.000000000000000,Prov,,,2nd,,,,PH10035,Lanao del Norte,,PH10,PH,4.152198257110000,0.216439372485000,2638.746576529999857,,,,0,0,0,0.23847,0,0,0,0,0,0,0,0,0,0,0,0,0,0,0,0,0,0,0,0,0,0,0,0,0,0,0,0,0.04343,0,0,0,0,0,0,0,0,0,0,0,0,0,0,0,0,0,0,0,0,0,0,0,0,0,0,0,-0.076062893,0.022153948,0.052990249,0.044733319,-0.069241488,0.357905858,0.106791935,0.17129648,0.169701518,0.131536033,0.098219873,0.11308632,0.121014884,0.048489403,0.153466468,0.132741536,0.164022168,0.198016953,0.195801537,0.197531778,0.221431175,0.123311761,0.13393477,0.074432218,0.213180362,0.120763206,0.040580541,0.059961454,0.361697863,0.384245647,0.278172293,0.345901643,0.245063215,0.271141413,0.280644313,0.333365566,0.334956196,0.283446329,0.330876807,0.081663937,0.295020149,0.314625195,0.424136094,0.038614374,0.344440252,0.286015561,0.217246881,0.349312758,0.359186724,0.453650357,0.404033482,0.00174575,0.436990692,0.009772702,0.243903984,0.488123932,0.582075557,0.110597136,0.554008181,0.488874203
"1004200000",Misamis Occidental,104200000.000000000000000,Prov,,,2nd,,,,PH10042,Misamis Occidental,,PH10,PH,3.217502379510000,0.153581897576000,1871.052701589999970,20,18,23,0,0,0,0.32454,0,0,0,0,0,0,0,0,0,0,0,0,0,0,0,0,0,0,0,0,0,0,0,0,0,0,0,0,0.02762,0,0,0,0,0,0,0,0,0,0,0,0,0,0,0,0,0,0,0,0,0,0,0,0,0,0,0,-0.021586254,-0.010554759,0.024251002,-0.025289844,-0.073387478,0.298091046,0.058520113,0.115363182,0.066662044,0.030698045,0.032966929,0.058192913,0.051844384,0.015083369,0.104513001,0.107784723,0.142001196,0.13435353,0.098830054,0.140320366,0.130598555,0.024831539,0.085518068,0.007723413,0.066992902,-0.011592732,-0.060170543,0.04130912,0.218725654,0.29881431,0.167132109,0.228004589,0.247129625,0.164562389,0.166192636,0.277326528,0.241316402,0.187823504,0.11570568,0.03538718,0.192105562,0.203769989,0.332292584,0.153015555,0.246553374,0.158139078,0.001006154,0.215218109,0.255429563,0.38438825,0.301899286,0.052152461,0.27213014,0.018443185,0.049274425,0.330076473,0.427460382,0.00855199,0.448977576,0.327153586
"1004300000",Misamis Oriental,104300000.000000000000000,Prov,,,1st,,,,PH10043,Misamis Oriental,,PH10,PH,5.515092801640000,0.277534769948000,3378.493235060000188,11,13,12,0,0,0,0.23847,0,0,0,0,0,0,0,0,0,0,0,0.00168,0,0,0,0,0,0,0,0,0,0,0,0,0,0,0,0,0.0364,0,0.00056,0,0,0,0,0,0,0,0,0,0,0,0,0,0,0,0,0,0,0,0,0,0,0,0,0,0.273161833,-0.00444598,0.041213178,0.409430204,0.185611647,0.521568937,0.381757192,0.498689556,0.450784388,0.522995946,0.453361042,0.336387052,0.409753647,0.499900245,0.487949641,0.263820034,0.451057897,0.548412178,0.516643282,0.538798516,0.485821968,0.46277187,0.481301064,0.400098921,0.507778426,0.018386047,0.34825273,0.292228634,0.617695175,0.770857794,0.242666509,0.720810648,0.597135431,0.625624701,0.617753669,0.565981511,0.645595165,0.603407619,0.701535861,0.686543581,0.584748415,0.703590794,0.750764977,0.140180471,0.678575773,0.501170449,0.29400666,0.734498474,0.751934784,0.767980883,0.661469844,0.090387314,0.72885397,0.043155644,0.386957021,0.852961671,0.995676271,0.2353031,1.042606139,0.866848179
"1102300000",Davao del Norte,112300000.000000000000000,Prov,,,1st,,,,PH11023,Davao del Norte,,PH11,PH,4.877598763140000,0.265921215917000,3245.328872189999402,10,7,7,0,0,0,0.58521,0,0,0,0,0,0,0,0,0,0,0,0,0,0,0,0,0,0,0,0,0,0,0,0,0,0,0,0,0.06908,0,0,0,0,0,0,0,0,0,0,0,0,0,0,0,0,0,0,0,0,0,0,0,0,0,0,0,0.036073754,0.064449928,0.076080484,0.079990732,0.033317086,0.353283943,0.229594411,0.249330454,0.19673878,0.009943347,0.180100195,0.192130451,0.193181977,0.198504744,0.157956757,0.107541462,0.271930709,0.237256386,0.233098081,0.250428534,0.263898471,0.224130253,0.234485796,0.103614959,0.184711819,-0.009158568,0.07770525,0.076398666,0.405118897,0.407688293,0.378159274,0.416584907,0.378827686,0.319692702,0.396431934,0.378732944,0.421738407,0.372011428,0.376403387,0.368512785,0.382316576,0.389735278,0.503246847,0.055270073,0.440685009,0.565090118,0.409117514,0.391811833,0.405448508,0.625391317,0.569834748,0.148641278,0.543474914,0.168103291,0.417740701,0.605893104,0.65758355,0.586267794,0.655437763,0.604678642
"1102400000",Davao del Sur,112400000.000000000000000,Prov,,,1st,,,,PH11024,Davao del Sur,,PH11,PH,4.854202819220000,0.348840074605000,4262.531946879999850,,,,0,0,0,0,0,0,0,0,0,0,0,0,0,0,0,0,0,0,0,0,0,0,0,0,0,0,0,0,0,0,0,0,0.05327,0,0,0,0,0,0,0,0,0,0,0,0,0,0,0,0,0,0,0,0,0,0,0,0,0,0,0,0.136195921,0.207984116,0.181257672,0.431604709,0.198881213,0.495992601,0.536302293,0.536555338,0.50554494,0.118182384,0.499401126,0.487473242,0.511137792,0.564057077,0.180024505,0.437233201,0.637177258,0.588688642,0.518523863,0.513914271,0.58437152,0.509685605,0.606569637,0.142682728,0.520261514,-0.012666566,0.409247424,0.404218174,0.756208073,0.668056003,0.404294939,0.780135073,0.781709526,0.677565807,0.754625067,0.710376841,0.760425531,0.731339426,0.512152126,0.764545113,0.664798181,0.716588122,0.747744687,0.076775531,0.708816843,0.846078982,0.637348878,0.686242383,0.695204679,0.901450141,0.845458476,0.173796398,0.901140672,0.219324771,0.316586371,1.003622931,0.990904991,0.667568267,0.916204932,0.890503135
"1102500000",Davao Oriental,112500000.000000000000000,Prov,,,1st,,,,PH11025,Davao Oriental,,PH11,PH,7.213797382220000,0.408503173781000,4989.026402139999846,28,22,29,0,0,0,0.56835,0,0,0,0,0,0,0,0,0,0,0,0.00112,0,0,0,0,0,0,0,0,0,0,0,0,0,0,0,0,0.07217,0,0,0,0,0,0,0,0,0,0,0,0,0,0,0,0,0,0,0,0,0,0,0.00028,0,0,0,0,-0.087353945,0.007041199,-0.00279862,-0.091460285,-0.100514162,0.196115306,0.041215713,0.051229187,0.034976819,-0.011016433,0.016305486,0.007753045,-0.005319276,0.009701944,0.05244016,-0.037616235,0.097679296,0.023851664,0.043722079,0.078886008,0.08729173,0.036627356,0.006539395,0.002589503,0.013707519,-0.031007309,-0.09484078,-0.034152328,0.196212841,0.230706998,0.146646276,0.192911924,0.126180843,0.092872122,0.150298622,0.129789126,0.175564677,0.141628715,0.104587651,0.150388085,0.157271878,0.128068849,0.272593278,0.012080406,0.19843082,0.332763457,0.208192885,0.252936753,0.238068785,0.324709463,0.332925033,0.222309908,0.299502456,0.123190674,0.157766243,0.276195526,0.312198877,0.321663745,0.336460601,0.29711851
"1108200000",Davao de Oro,118200000.000000000000000,Prov,Compostela Valley,,1st,,,,PH11082,Davao de Oro (Compostela Valley),Compostela Valley,PH11,PH,4.059715705200001,0.356550177194000,4351.492613420000453,,,,,,,,,,,,,,,,,,,,,,,,,,,,,,,,,,,,,,,,,,,,,,,,,,,,,,,,,,,,,,,,,,,,,,,,,,,,,,,,,,,,,,,,,,,,,,,,,,,,,,,,,,,,,,,,,,,,,,,,,,,
"1108600000",Davao Occidental,118600000.000000000000000,Prov,,,4th,,,,PH11086,Davao Occidental,,PH11,PH,4.375573701840000,0.160156852643000,1960.498133580000058,,,,,,,,,,,,,,,,,,,,,,,,,,,,,,,,,,,,,,,,,,,,,,,,,,,,,,,,,,,,,,,,,,,,,,,,,,,,,,,,,,,,,,,,,,,,,,,,,,,,,,,,,,,,,,,,,,,,,,,,,,,
"1204700000",Cotabato,124700000.000000000000000,Prov,North Cotabato,,1st,,k/,k/,PH12047,Cotabato (North Cotabato),North Cotabato,PH12,PH,6.941582926880000,0.435300556193000,5316.881422980000025,,,,,,,,,,,,,,,,,,,,,,,,,,,,,,,,,,,,,,,,,,,,,,,,,,,,,,,,,,,,,,,,,,,,,,,,,,,,,,,,,,,,,,,,,,,,,,,,,,,,,,,,,,,,,,,,,,,,,,,,,,,
"1206300000",South Cotabato,126300000.000000000000000,Prov,,,1st,,,,PH12063,South Cotabato,,PH12,PH,3.609896026520000,0.336634926742000,4119.409284600000319,14,13,10,,,,,,,,,,,,,,,,,,,,,,,,,,,,,,,,,,,,,,,,,,,,,,,,,,,,,,,,,,,,,,,,,,,,,,,,,,,,,,,,,,,,,,,,,,,,,,,,,,,,,,,,,,,,,,,,,,,,,,,,
"1206500000",Sultan Kudarat,126500000.000000000000000,Prov,,,1st,,,,PH12065,Sultan Kudarat,,PH12,PH,5.020886578910000,0.345415910578000,4224.840736129999641,24,24,26,,,,,,,,,,,,,,,,,,,,,,,,,,,,,,,,,,,,,,,,,,,,,,,,,,,,,,,,,,,,,,,,,,,,,,,,,,,,,,,,,,,,,,,,,,,,,,,,,,,,,,,,,,,,,,,,,,,,,,,,
"1208000000",Sarangani,128000000.000000000000000,Prov,,,2nd,,,,PH12080,Sarangani,,PH12,PH,5.172361147790000,0.302230724679000,3699.922428509999918,36,34,23,,,,,,,,,,,,,,,,,,,,,,,,,,,,,,,,,,,,,,,,,,,,,,,,,,,,,,,,,,,,,,,,,,,,,,,,,,,,,,,,,,,,,,,,,,,,,,,,,,,,,,,,,,,,,,,,,,,,,,,,
"1303900000","NCR, City of Manila, First District (Not a Province)",133900000.000000000000000,Dist,,,,,,,PH13039,Metropolitan Manila First District,,PH13,PH,0.600152105726000,0.003519637402840,41.960090061899997,,,,,,,,,,,,,,,,,,,,,,,,,,,,,,,,,,,,,,,,,,,,,,,,,,,,,,,,,,,,,,,,,,,,,,,,,,,,,,,,,,,,,,,,,,,,,,,,,,,,,,,,,,,,,,,,,,,,,,,,,,,
"1307400000","NCR, Second District (Not a Province)",137400000.000000000000000,Dist,,,,,,,PH13074,Metropolitan Manila Second District,,PH13,PH,0.948285012750000,0.019613443812900,233.767124712999987,,,,,,,,,,,,,,,,,,,,,,,,,,,,,,,,,,,,,,,,,,,,,,,,,,,,,,,,,,,,,,,,,,,,,,,,,,,,,,,,,,,,,,,,,,,,,,,,,,,,,,,,,,,,,,,,,,,,,,,,,,,
"1307500000","NCR, Third District (Not a Province)",137500000.000000000000000,Dist,,,,,,,PH13075,Metropolitan Manila Third District,,PH13,PH,0.949302257892000,0.010581712384700,126.090073106999995,,,,,,,,,,,,,,,,,,,,,,,,,,,,,,,,,,,,,,,,,,,,,,,,,,,,,,,,,,,,,,,,,,,,,,,,,,,,,,,,,,,,,,,,,,,,,,,,,,,,,,,,,,,,,,,,,,,,,,,,,,,
"1307600000","NCR, Fourth District (Not a Province)",137600000.000000000000000,Dist,,,,,,,PH13076,Metropolitan Manila Fourth District,,PH13,PH,0.933806172588000,0.016492411930800,196.722285152000012,,,,,,,,,,,,,,,,,,,,,,,,,,,,,,,,,,,,,,,,,,,,,,,,,,,,,,,,,,,,,,,,,,,,,,,,,,,,,,,,,,,,,,,,,,,,,,,,,,,,,,,,,,,,,,,,,,,,,,,,,,,
"1400100000",Abra,140100000.000000000000000,Prov,,,3rd,,,,PH14001,Abra,,PH14,PH,2.640966997000000,0.334223107507000,3926.646158019999802,15,16,9,0,0.02059,0,0,0,0,0,0,0,0,0,0,0,0,0.24713,0,0,0,0,0.02423,0,0.16422,0,0.15366,0,0.41827,0,0,0.01735,0,0.00428,0,0,0,0,0.54369,0.09725,0,0,0,0.01012,0,0.00112,0,0,0,0,0.08242,0,0,0.08124,0,0,0,0,0,0,0.01427,0.14217,0.14566,-0.014488887,0.058052955,0.035790103,-0.133006922,-0.044947745,0.074605504,-0.049860072,0.063264831,0.073145544,0.120101132,0.012534948,-0.011058241,0.00969128,0.019555788,0.074330061,-0.029679473,0.043530127,0.189951413,0.039098454,0.020792596,0.045970198,-0.021252338,-0.056224132,-0.041381257,0.015257922,0.053670568,-0.073530852,-0.103531391,0.168808379,0.278731554,0.299297606,0.166634541,0.083110067,0.143528847,0.198740168,0.214669634,0.209570688,0.153552453,0.124555962,0.152593294,0.093169364,0.052112589,0.273356223,0.182363007,0.196606973,0.302840408,0.303339794,0.288258055,0.224591007,0.399522086,0.252314235,0.294761386,0.295131923,0.263713186,0.387810663,0.235977726,0.387343636,0.371965378,0.378019011,0.280654548
"1401100000",Benguet,141100000.000000000000000,Prov,,,2nd,,,,PH14011,Benguet,,PH14,PH,2.194978500730000,0.239829289459000,2832.942228049999812,4,4,3,0,0,0,0,0,0,0,0.31393,0,0,0,0,0,0,0,0,0,0,0,0,0,0.7549,0,0,0,0.46008,0,0,0.02403,0,0.00056,0,0,0,0,0,0.22745,0,0,0,0,0,0.0144,0.00084,0,0,0,0,0,0,0,0,0.02593,0,0,0,0,0,0.14217,0.56828,0.225003386,0.018240262,0.316454195,0.206049478,0.360474124,0.387329426,0.248015269,0.396899074,0.31627643,0.409143621,0.376493793,0.369776116,0.457629265,0.308748134,0.395042969,0.409202899,0.427023762,0.597195635,0.428000733,0.328968612,0.400416253,0.306398018,0.35394509,0.301561222,0.30988694,0.433360602,0.34796403,0.315925889,0.593912778,0.540329201,0.617456507,0.560529807,0.458731244,0.512624987,0.566599432,0.467605889,0.538300119,0.555496833,0.447526962,0.255983622,0.463071775,0.451722739,0.548689008,0.424736342,0.487721762,0.620805831,0.603091266,0.59945502,0.604125471,0.757593782,0.524661405,0.625341448,0.6257704,0.549025266,0.70276886,0.650542494,0.800091926,0.167916242,0.66869762,0.635582295
"1402700000",Ifugao,142700000.000000000000000,Prov,,,3rd,,,,PH14027,Ifugao,,PH14,PH,2.225236687350000,0.212537728327000,2506.656754690000071,10,6,5,0,0,0,0,0,0,0,0.31393,0,0,0,0,0,0,0,0,0,0.00028,0,0.02403,0,0.46745,0,0,0,0,0,0,0.02403,0,0.00056,0,0,0,0,0,0.31738,0,0,0,0,0,0.004,0.00084,0,0,0,0,0,0,0.06093,0,0,0,0,0,0,0.02235,0.12186,0.66447,-0.002945536,-0.01267946,0.057716551,-0.119549835,-0.060918382,0.101631508,-0.047492536,0.07449495,0.077494336,0.130442115,0.036751507,0.000942,-0.003737196,0.015457008,0.086253867,-0.024233551,0.039679813,0.218010051,0.063366609,0.070683794,0.051347871,0.019322163,-0.051599326,-0.03374175,0.011557975,0.100340454,-0.036325776,-0.093182716,0.173601666,0.28327425,0.287800096,0.185853986,0.109185347,0.121660332,0.175950555,0.211492236,0.231257708,0.183279083,0.155691963,0.122458219,0.123986107,0.054616514,0.267264701,0.172468985,0.197538417,0.243584501,0.246504782,0.2797503,0.220379963,0.413706917,0.261947828,0.303622872,0.336323036,0.268532923,0.390573695,0.241658261,0.425103537,0.445489481,0.343755067,0.273475695
"1403200000",Kalinga,143200000.000000000000000,Prov,,,3rd,,,,PH14032,Kalinga,,PH14,PH,2.511891904230000,0.240271095482000,2825.087707860000137,9,6,3,0,0.01391,0,0,0,0,0,0,0,0,0,0,0,0,0.22738,0,0,0.00028,0,0.03759,0,0.12135,0,0.13645,0,0.49837,0,0,0.01391,0,0.00112,0,0,0,0,0,0.06324,0,0,0,0.01012,0,0.00084,0,0,0,0,0,0,0,0.08124,0,0,0,0,0,0,0.02263,0.12186,0.12535,-0.01789783,0.002665503,0.046809025,-0.117744047,-0.066849325,0.075134435,-0.021815978,0.084611653,0.087525562,0.11289155,0.044533693,-0.021314537,-0.00428702,0.028072895,0.084527342,-0.012554942,0.022707756,0.190428702,0.053150613,0.031027457,0.081455732,0.010759493,-0.045984924,-0.029700119,0.022612301,0.074166993,-0.029691014,-0.094804101,0.162799451,0.292474473,0.33971441,0.193996142,0.112730397,0.124733559,0.185484745,0.234294365,0.235706807,0.16070412,0.146282586,0.136826998,0.119157919,0.064174114,0.28086328,0.233641653,0.211178694,0.300433184,0.291402277,0.311303662,0.238481741,0.433587369,0.262600483,0.318162725,0.333761242,0.267591188,0.364241876,0.249008367,0.411542699,0.45402194,0.377550728,0.29109723
"1404400000",Mountain Province,144400000.000000000000000,Prov,,,4th,,,,PH14044,Mountain Province,,PH14,PH,2.408025629210000,0.179352578596000,2112.497363030000088,17,15,11,0,0,0,0,0,0,0,0.31393,0,0,0,0,0,0,0.06324,0,0,0.00028,0,0.03759,0,0.42031,0,0,0,0,0,0,0.02403,0,0.00084,0,0,0,0,0,0.31738,0,0,0,0.01012,0,0.00428,0.00056,0,0,0,0,0,0,0.06093,0,0,0,0,0,0,0.02263,0.12186,0.12535,-0.016127829,0.00575431,0.039710989,-0.137340065,-0.077826,0.069829425,-0.053812184,0.061126378,0.077618787,0.108710693,0.019649354,-0.021915313,0.001570897,0.016767282,0.076587786,-0.044516778,0.014754144,0.183350564,0.043693341,0.031664418,0.074469663,-0.006901766,-0.056298185,-0.045411549,0.009926113,0.06852388,-0.036232047,-0.111832249,0.174321103,0.263199783,0.297828343,0.172104609,0.088279041,0.105498793,0.159188349,0.202574996,0.207967485,0.144892279,0.129259076,0.139379231,0.106023754,0.040398712,0.255922201,0.186069025,0.191702719,0.266851717,0.270057922,0.282773621,0.214301988,0.387533101,0.256802225,0.290657563,0.339356227,0.241857634,0.343784705,0.218811833,0.372175206,0.393257749,0.352858611,0.250175997
"1408100000",Apayao,148100000.000000000000000,Prov,,,3rd,,,,PH14081,Apayao,,PH14,PH,3.207010380570000,0.340498298936000,3988.813839950000329,16,5,4,0,0.03984,0,0,0,0,0.00056,0,0,0.27845,0,0,0,0,0.27798,0,0,0,0,0.03091,0,0.08039,0,0.23158,0,0.68836,0,0,0.00688,0,0.00112,0,0,0,0,0.96027,0,0,0,0,0.05403,0,0.00056,0,0,0,0,0.12304,0,0,0.10155,0,0.06093,0,0,0,0,0.01427,0.10155,0.67817,-0.012196012,0.004069271,0.058445746,-0.115172381,-0.070556284,0.089850055,-0.06498693,0.048851262,0.090254322,0.126260354,0.045674143,-0.028542599,-0.030841304,0.00059,0.077447266,0.008405476,0.027922725,0.201524996,0.031421731,-0.005931202,0.032727554,-0.023269154,-0.03934777,-0.060943807,0.004412846,0.065471734,-0.064562255,-0.115088999,0.144040331,0.291635926,0.325830262,0.185461538,0.117781716,0.131118685,0.165592828,0.208369494,0.220121734,0.12801028,0.096775277,0.147714833,0.120023633,0.048523772,0.248260568,0.209139339,0.21233493,0.26247925,0.291016494,0.29721161,0.220573113,0.423760801,0.244765185,0.291850252,0.329983001,0.250134369,0.344298667,0.226137218,0.373782446,0.389202552,0.363992855,0.299426816
"1600200000",Agusan del Norte,160200000.000000000000000,Prov,,,3rd,,,,PH16002,Agusan del Norte,,PH16,PH,3.674954526090000,0.220064641101000,2676.075529619999543,,,,0,0,0.00084,0,0,0,0,0,0,0,0,0,0,0,0,0.00196,0,0,0,0,0,0,0,0,0,0,0,0,0,0,0,0,0.01581,0,0.00056,0,0,0,0,0,0,0,0,0,0,0,0,0,0,0,0,0,0,0,0,0,0,0,0,0,-0.041506406,-0.019452482,0.013461595,0.003221808,-0.017378549,0.262387665,0.168702564,0.156680726,0.098492408,0.209761683,0.088631945,0.112478242,0.06121926,0.09977066,0.212412014,0.05567878,0.144174906,0.186630778,0.184133435,0.178930455,0.154853466,0.120919547,0.109246153,0.056789099,0.167055273,0.055133319,0.000465,0.118889598,0.321975475,0.429748835,0.203862299,0.34138662,0.266244741,0.230408088,0.281926076,0.289271783,0.333754398,0.22626533,0.379086768,0.391315237,0.288631729,0.274520945,0.425191529,0.166299445,0.33100525,0.430751913,0.357928688,0.641199241,0.373985393,0.532427192,0.453548263,0,0.355903617,0.071608455,0.371418746,0.427065175,0.574898793,0.202883893,0.566165538,0.510409205
"1600300000",Agusan del Sur,160300000.000000000000000,Prov,,,1st,,,,PH16003,Agusan del Sur,,PH16,PH,5.222636140570000,0.693968208926000,8452.326578129999689,,,,0,0,0.00056,0.58521,0,0,0,0,0,0,0,0,0,0,0,0.00196,0,0,0,0,0,0,0,0,0,0,0,0,0,0,0,0,0.06908,0,0.00084,0,0,0,0,0,0,0,0,0,0,0,0,0,0,0,0,0,0,0,0,0,0,0,0,0,-0.072952449,-0.016461127,0.029270021,-0.073628707,-0.076596108,0.166123041,0.114830298,0.088990648,0.03415035,0.023136296,0.011939688,0.021174598,-0.013913838,-0.015500671,0.103312195,-0.049104689,0.074644303,0.045858047,0.046633452,0.057064286,0.055242527,0.024332545,-0.001315857,-0.05051058,0.005830367,-0.010181858,-0.108572498,-0.070940709,0.20727198,0.27765124,0.188938674,0.185491316,0.099851162,0.0878327,0.13625571,0.150098326,0.166803702,0.12497057,0.18816368,0.179904031,0.134618881,0.10554225,0.276627549,0.049691104,0.179991553,0.306434043,0.191164423,0.37950294,0.215786481,0.353501116,0.312731334,0.07225191,0.205854814,0.193708512,0.282584677,0.238128476,0.315299707,0.367046315,0.352183307,0.27901582
"1606700000",Surigao del Norte,166700000.000000000000000,Prov,,,2nd,,,,PH16067,Surigao del Norte,,PH16,PH,12.848957844699999,0.162551615213000,1973.164219680000087,,,,0,0,0.0014,0.01376,0,0,0,0,0,0,0,0.00084,0,0,0,0.00196,0,0,0,0,0,0,0,0,0,0,0,0,0,0,0,0,0,0,0.00056,0,0,0,0,0,0,0,0,0,0,0,0,0,0.70852,0.0078,0,0,0,0,0,0,0,0,0,0,0.010580589,0.029376126,-0.005132873,-0.016103237,-0.04485854,0.340624643,0.233497091,0.208255666,0.136288334,0.065975659,0.099198768,0.118054535,0.064850295,0.091567593,0.301153569,0.026719146,0.170619688,0.176836973,0.199246795,0.205989221,0.157501436,0.151936595,0.094848984,0.076451792,0.132868961,0.030746859,-0.01468365,0.071520046,0.346664721,0.472098678,0.373630156,0.291795924,0.209574558,0.184130289,0.217661458,0.273926631,0.313306914,0.185791517,0.333580993,0.271085334,0.235894414,0.193818197,0.37654544,0.137402356,0.284478872,0.383234022,0.303415312,0.585878968,0.319677169,0.427369341,0.394204277,0.027553916,0.267644798,0.012108308,0.143862241,0.372226808,0.497333712,0.688342493,0.551087301,0.470526656
"1606800000",Surigao del Sur,166800000.000000000000000,Prov,,,1st,,,,PH16068,Surigao del Sur,,PH16,PH,8.880432336769999,0.386100258770000,4698.244555310000578,,,,0,0,0.00112,0.25294,0,0,0,0,0,0,0,0.00056,0,0,0,0.00224,0,0,0,0,0,0,0,0,0,0,0,0,0,0,0,0,0.07217,0,0.00084,0,0,0,0,0,0,0,0,0,0,0,0,0,0,0,0,0,0,0,0,0,0,0,0,0,-0.035654152,-0.010499376,0.009713903,-0.045561531,-0.047702912,0.155006857,0.10396051,0.107599537,0.068500072,0.043560525,0.038071016,0.051091688,0.015304707,0.015943273,0.171562972,-0.038728448,0.103963726,0.076495871,0.075961551,0.08328922,0.067042207,0.052152088,0.003819837,-0.005034067,0.029591324,-0.010425706,-0.097997925,-0.041387282,0.231403173,0.263816447,0.207624295,0.204722807,0.110390873,0.112349733,0.152814567,0.181236181,0.199564536,0.134271593,0.226337304,0.208920433,0.15696007,0.129346109,0.286570027,0.082739573,0.199872493,0.316522236,0.213514628,0.433291893,0.243291612,0.385820569,0.33213897,0.128016257,0.250175144,0.068628681,0.245681603,0.259401353,0.343487222,0.314250415,0.359716274,0.297051596
"1608500000",Dinagat Islands,168500000.000000000000000,Prov,,,4th,,,,PH16085,Dinagat Islands,,PH16,PH,5.246991118180000,0.066439611546200,805.291927679999958,,,,,,,,,,,,,,,,,,,,,,,,,,,,,,,,,,,,,,,,,,,,,,,,,,,,,,,,,,,,,,,,,,,,,,,,,,,,,,,,,,,,,,,,,,,,,,,,,,,,,,,,,,,,,,,,,,,,,,,,,,,
"1704000000",Marinduque,174000000.000000000000000,Prov,,,4th,,,,PH17040,Marinduque,,PH17,PH,2.860797077910000,0.076990597544300,922.577799055000014,10,16,9,0,0,0.01032,0,0,0.00112,0,0,0,0,0,0,0,0,0,0.22984,0.00056,0,0,0,0,0,0.52085,0,0,0,0,0.37998,0,0,0,0,0,0,0,0,0,0,0,0,0,0.46914,0.15198,0.28857,0.24465,0.0014,0.07084,0,0,0,0,0,0.12186,0,0,0,0.11207,0,0,0,-0.008565187,0.123163845,0.001244819,-0.085204491,-0.063588958,0.171496674,0.033892612,0.007119846,0.037866441,0.070724887,0.031260254,0.014311529,0.038439589,0.055578873,0.10333328,-0.001475204,0.059721486,0.156106836,0.093529429,-0.002890506,0.036636102,0.000497,-0.03902347,0.034848809,0.037053065,0.112006608,-0.062428801,-0.06373501,0.234441959,0.307157447,0.284169337,0.199605037,0.143213322,0.121797889,0.158479705,0.20555713,0.235556207,0.174954362,0.17251454,0,0.16800421,0.143961879,0.324276341,0.138762804,0.236298818,0.346593677,0.33590081,0.263057312,0.261579246,0.376356775,0.294808521,0.345801967,0.309267314,0.009879657,0.422827269,0.315303537,0.460978036,0.131329314,0.336586869,0.393481063
"1705100000",Occidental Mindoro,175100000.000000000000000,Prov,,,2nd,,,,PH17051,Occidental Mindoro,,PH17,PH,7.763283991020000,0.497574829674000,5972.286348530001305,,,,,,,,,,,,,,,,,,,,,,,,,,,,,,,,,,,,,,,,,,,,,,,,,,,,,,,,,,,,,,,,,,,,,,,,,,,,,,,,,,,,,,,,,,,,,,,,,,,,,,,,,,,,,,,,,,,,,,,,,,,
"1705200000",Oriental Mindoro,175200000.000000000000000,Prov,,,1st,,,,PH17052,Oriental Mindoro,,PH17,PH,5.514817038870000,0.349788203501000,4198.548629400000209,,,,,,,,,,,,,,,,,,,,,,,,,,,,,,,,,,,,,,,,,,,,,,,,,,,,,,,,,,,,,,,,,,,,,,,,,,,,,,,,,,,,,,,,,,,,,,,,,,,,,,,,,,,,,,,,,,,,,,,,,,,
"1705300000",Palawan,175300000.000000000000000,Prov,,,1st,,,,PH17053,Palawan,,PH17,PH,60.162381543499997,1.187132125150000,14394.724885100000392,8,9,16,0,0,0.00688,0.50561,0.0014,0,0,0,0,0,0.45656,0.00028,0.00028,0,0,0,0,0,0,0,0,0,0,0,0,0,0.02965,0,0,0,0,0,0.25836,0.00028,0,0,0,0.00056,0,0,0,0.33944,0,0,0,0,0,0,0.79649,0,0,0,0,0,0,0,0,0,0,0,-0.003816324,0.081488278,-0.036804089,-0.106690041,-0.063596254,0.1285814,0.028272741,0.009726481,0.001788836,0.045608051,0.005424254,-0.011442314,-0.015307248,0.033040339,0.058727625,-0.047022589,0.026131362,0.097440561,0.051195963,0.041427705,0.088273955,-0.000673,-0.046402621,0.035981141,0.008209179,-0.004138001,-0.100108856,-0.072490397,0.185466995,0.231491532,0.220041155,0.162482204,0.109839561,0.085120299,0.138019204,0.163420453,0.184817958,0.133802196,0.14636826,0.040516627,0.097718095,0.086922576,0.314792085,0.077524024,0.214520267,0.270499857,0.193661676,0.250766507,0.200380595,0.357115724,0.316303258,0.028252157,0.307317973,0.052051624,0.247745715,0.234237564,0.355682337,0.261237809,0.340829404,0.270306354
"1705900000",Romblon,175899999.999999970197678,Prov,,,3rd,,,,PH17059,Romblon,,PH17,PH,5.702442684330000,0.108888641084000,1309.679956440000069,20,31,23,0,0,0.01236,0,0,0.00056,0,0,0,0,0,0.00028,0.00028,0,0,0.21269,0,0,0,0,0,0,0.86605,0,0,0,0,0,0,0,0,0,0,0,0,0,0,0,0,0,0,0.7055,0.04391,0.19238,0.05122,0.00168,0.08096,0,0,0,0,0,0.06093,0,0,0,0.01384,0,0,0,-0.045203208,0.103552939,-0.019420397,-0.132571173,-0.059311903,0.084623212,-0.044692543,0.042541114,0.027789053,0.019111393,0.016165012,-0.01977865,-0.000938,0.007143705,0.058973712,-0.092304,0.044487595,0.117073125,0.062943755,0.010947262,0.012675574,-0.010021812,-0.020559835,0.020919329,0.01136127,0.066285809,-0.086557913,-0.062720279,0.164691546,0.263582606,0.283619814,0.191454812,0.108130168,0.110680668,0.14459647,0.167662463,0.225046008,0.162967328,0.173632456,0.052107048,0.152266528,0.102932781,0.33420171,0.1829902,0.221420322,0.301596638,0.248055579,0.256248947,0.236764518,0.392958786,0.29991916,0.049057798,0.275487858,0.039412629,0.382860974,0.281249659,0.428246388,0.011005124,0.32539387,0.328870029
"1900700000",Basilan,150700000.000000000000000,Prov,,,3rd,,,,PH19007,Basilan,,PH19,PH,6.925802579110000,0.092729617761500,1134.127187289999938,9,4,5,,,,,,,,,,,,,,,,,,,,,,,,,,,,,,,,,,,,,,,,,,,,,,,,,,,,,,,,,,,,,,,,,,,,,,,,,,,,,,,,,,,,,,,,,,,,,,,,,,,,,,,,,,,,,,,,,,,,,,,,
"1903600000",Lanao del Sur,153600000.000000000000000,Prov,,,1st,,,,PH19036,Lanao del Sur,,PH19,PH,4.215880583320000,0.336480861596000,4104.476420650000364,,,,0,0,0,0.14228,0,0,0,0,0,0,0,0,0,0,0,0,0,0,0,0,0,0,0,0,0,0,0,0,0,0,0,0,0.04343,0,0,0,0,0,0,0,0,0,0,0,0,0,0,0,0,0,0,0,0,0,0,0,0,0,0,0,-0.044152649,0.107695676,0.054601214,-0.014704681,-0.053599098,0.309851462,0.135777518,0.114080189,0.065675424,0.113717415,0.029553493,0.008062036,0.001341583,-0.003815159,0.036947993,0.071752587,0.11341102,0.075886005,0.083429547,0.095639905,0.131128528,0.025699058,-0.006077833,-0.008980192,0.065828782,0.016544893,-0.095034924,-0.072817993,0.188986848,0.217814764,0.243020937,0.184650743,0.147325145,0.120949553,0.153106634,0.195294557,0.203993509,0.145714861,0.212748897,0.190756812,0.177811642,0.152530928,0.32775747,0.033798073,0.252507191,0.347920168,0.201273336,0.282260253,0.218839505,0.358252446,0.342511694,0.070876955,0.329908932,0.004966607,0.167806146,0.338848248,0.427473202,0.232527458,0.289416671,0.318486674
"1906600000",Sulu,156600000.000000000000000,Prov,,,2nd,,,,PH19066,Sulu,,PH19,PH,20.260350985500001,0.123791719961000,1515.753212930000018,75,42,13,,,,,,,,,,,,,,,,,,,,,,,,,,,,,,,,,,,,,,,,,,,,,,,,,,,,,,,,,,,,,,,,,,,,,,,,,,,,,,,,,,,,,,,,,,,,,,,,,,,,,,,,,,,,,,,,,,,,,,,,
"1907000000",Tawi-Tawi,157000000.000000000000000,Prov,,,3rd,,,,PH19070,Tawi-Tawi,,PH19,PH,15.971438546800000,0.094185595046200,1154.581927230000019,,,,0,0,0,0,0,0,0,0,0,0,0,0,0,0,0,0,0,0,0,0,0,0,0,0,0,0,0,0,0,0,0,0,0.15837,0,0,0,0,0,0,0,0,0,0,0,0,0,0,0,0,0,0,0,0,0,0,0,0,0,0,0,-0.031487029,0.009456935,0.009018114,-0.074536354,-0.072513353,0.131413217,0.001597284,-0.015985688,-0.030391045,-0.002353217,0.026556919,-0.010106984,0.018031429,0.026305808,0.0753434,-0.037888116,0.039656785,0.039060536,0.062241329,0.091727706,0.1089066,0.028884054,-0.006235006,-0.003548559,-0.022223265,-0.007611237,-0.103989597,-0.051683204,0.187914634,0.226497438,0.248746492,0.215621589,0.151817275,0.108385311,0.172428075,0.202451808,0.204173383,0.165133046,0.172821048,0.134441584,0.132623107,0.116436541,0.288807703,0.170478242,0.199298664,0.326608105,0.035538832,0.287308756,0.24454888,0.392705204,0.376333341,0.172655348,0.248534118,0.228947729,0.2281835,0.245659795,0.277398082,0.342443331,0.318536197,0.27376323
"1908700000",Maguindanao del Norte,,Prov,,,1st,,,,PH19087,Maguindanao del Norte,,PH19,PH,4.158287605210000,0.208859516922000,2551.179192260000036,,,,,,,,,,,,,,,,,,,,,,,,,,,,,,,,,,,,,,,,,,,,,,,,,,,,,,,,,,,,,,,,,,,,,,,,,,,,,,,,,,,,,,,,,,,,,,,,,,,,,,,,,,,,,,,,,,,,,,,,,,,
"1908800000",Maguindanao del Sur,,Prov,,,1st,,,,PH19088,Maguindanao del Sur,,PH19,PH,4.159999629390000,0.201273926949000,2460.175577819999944,,,,,,,,,,,,,,,,,,,,,,,,,,,,,,,,,,,,,,,,,,,,,,,,,,,,,,,,,,,,,,,,,,,,,,,,,,,,,,,,,,,,,,,,,,,,,,,,,,,,,,,,,,,,,,,,,,,,,,,,,,,
"1909900000",,,,,,,,,,PH19099,Special Geographic Area,,PH19,PH,4.034413196160000,0.044435791370500,542.830197666999993,,,,,,,,,,,,,,,,,,,,,,,,,,,,,,,,,,,,,,,,,,,,,,,,,,,,,,,,,,,,,,,,,,,,,,,,,,,,,,,,,,,,,,,,,,,,,,,,,,,,,,,,,,,,,,,,,,,,,,,,,,,
